INLINE NewClassTable,Name,Description,ID,Default Class Promoted From/To,Standing Map Anims,Move Speed,Generic Mug,N/A,HP,Atk,Skl,Spd,Def,Res,Con,Mov,HP Cap,Atk Cap,Skl Cap,Spd Cap,Def Cap,Res Cap,Con Cap,Class Relative Power,HP Growth,Atk Growth,Skl Growth,Spd Growth,Def Growth,Res Growth,Luck Growth,HP Promo Gain,Atk Promo Gain,Skl Promo Gain,Spd Promo Gain,Def Promo Gain,Res Promo Gain,Ability 1,Ability 2,Ability 3,Ability 4,Sword,Lance,Axe,Bow,Staff,Anima,Light,Dark,Battle Anims,Move Costs,Rain Move Costs,Snow Move Costs,Avo Bonus,Def Bonus,Res Bonus,Class Type
None,0x0,0x0,0x0,0x0,0x0,0x0,0x0,0x0,0,0,0,0,0,0,0,0,0,0,0,0,0,0,0,0,0,0,0,0,0,37,0,37,0,0,65,0,0,0x02,0x00,0x00,0x01,NoRank,NoRank,NoRank,NoRank,NoRank,NoRank,NoRank,NoRank,0x1f,0x0,0x231e143c,0x190f0f,0x0,0x0,0x0,0x0
Ephraim Lord,0x2bf,0x309,0x1,0x3,0x0,0x0,0x8b,0x1,18,6,6,7,6,0,8,5,60,20,20,20,20,20,20,3,90,45,40,45,15,15,40,0,0,0,0,0,0,0x00,0x20,0x00,0x20,NoRank,DRank,NoRank,NoRank,NoRank,NoRank,NoRank,NoRank,0x88aefd8,0x880b808,0x880bc59,0x880c069,0x880c479,0x880c4ba,0x880c4fb,0x0
Eirika Lord,0x2bf,0x30a,0x2,0x4,0x1,0x0,0x8b,0x1,16,4,8,9,3,1,5,5,60,20,20,20,20,20,20,3,90,45,40,45,15,20,40,0,0,0,0,0,0,0x00,0x20,0x02,0x10,ERank,NoRank,NoRank,NoRank,NoRank,NoRank,NoRank,NoRank,0x88aefe4,0x880b808,0x880bc59,0x880c069,0x880c479,0x880c4ba,0x880c4fb,SwordType
Ephraim Master Lord,0x2c0,0x30b,0x3,0x1,0x2,0x0,0x8b,0x2,18,3,3,4,5,0,10,7,60,27,26,24,23,23,25,3,90,45,40,45,15,15,40,4,2,3,2,2,5,0x03,0x25,0x00,0x20,NoRank,CRank,NoRank,NoRank,NoRank,NoRank,NoRank,NoRank,0x88aeff0,0x880bad3,0x880bf24,0x880c334,0x880c479,0x880c4ba,0x880c4fb,HorseType
Eirika Master Lord,0x2c0,0x30c,0x4,0x2,0x3,0x0,0x8b,0x2,18,3,3,4,5,0,7,7,60,24,29,30,22,25,25,3,90,45,40,45,15,20,40,4,2,2,1,3,5,0x03,0x25,0x02,0x10,CRank,NoRank,NoRank,NoRank,NoRank,NoRank,NoRank,NoRank,0x88aeffc,0x880bad3,0x880bf24,0x880c334,0x880c479,0x880c4ba,0x880c4fb,HorseType|SwordType
Cavalier,0x2c1,0x30d,0x5,0x7,0x4,0x0,0x80,0x20,20,5,2,5,6,0,9,7,60,20,20,20,20,20,25,3,75,35,40,28,15,15,30,0,0,0,0,0,0,0x03,0x04,0x00,0x00,ERank,DRank,NoRank,NoRank,NoRank,NoRank,NoRank,NoRank,0x88af008,0x880ba92,0x880bee3,0x880c2f3,0x880c479,0x880c4ba,0x880c4fb,HorseType
Cavalier (F),0x2c1,0x30d,0x6,0x8,0x4,0x0,0x80,0x20,18,5,3,3,6,0,9,7,60,20,20,20,20,20,25,3,75,35,40,28,15,15,30,1,0,2,2,0,2,0x03,0x04,0x00,0x00,ERank,DRank,NoRank,NoRank,NoRank,NoRank,NoRank,NoRank,0x88af018,0x880ba92,0x880bee3,0x880c2f3,0x880c479,0x880c4ba,0x880c4fb,HorseType
Paladin,0x2c2,0x30e,0x7,0x5,0x5,0x0,0x81,0x21,23,7,4,7,8,3,11,8,60,25,26,24,25,25,25,3,70,25,30,18,12,20,25,2,1,1,1,2,1,0x03,0x05,0x00,0x00,DRank,DRank,NoRank,NoRank,NoRank,NoRank,NoRank,NoRank,0x88af028,0x880bad3,0x880bf24,0x880c334,0x880c479,0x880c4ba,0x880c4fb,HorseType
Paladin (F),0x2c2,0x30e,0x8,0x6,0x5,0x0,0x81,0x21,23,6,6,11,7,6,9,8,60,23,27,25,24,26,25,3,70,25,35,25,12,25,25,1,1,1,2,1,2,0x03,0x05,0x00,0x00,DRank,DRank,NoRank,NoRank,NoRank,NoRank,NoRank,NoRank,0x88af038,0x880bad3,0x880bf24,0x880c334,0x880c479,0x880c4ba,0x880c4fb,HorseType
Armour Knight,0x2c3,0x30f,0x9,0xb,0x6,0x1,0x76,0xc,17,5,2,0,9,0,13,4,60,20,20,20,20,20,20,3,80,40,30,15,28,20,25,0,0,0,0,0,0,0x00,0x00,0x00,0x00,NoRank,DRank,NoRank,NoRank,NoRank,NoRank,NoRank,NoRank,0x88af048,0x880b88a,0x880bcdb,0x880c0eb,0x880c479,0x880c4ba,0x880c4fb,ArmorType
Armour Knight (F),0x2c3,0x30f,0xa,0xc,0x6,0x1,0x76,0xc,16,4,3,1,8,1,10,4,60,20,20,20,20,20,20,3,80,40,30,15,28,20,25,2,1,1,1,2,0,0x00,0x00,0x00,0x00,NoRank,DRank,NoRank,NoRank,NoRank,NoRank,NoRank,NoRank,0x88af054,0x880b88a,0x880bcdb,0x880c0eb,0x880c479,0x880c4ba,0x880c4fb,ArmorType
General,0x2c4,0x310,0xb,0x9,0x7,0x1,0x77,0xd,21,8,4,3,13,3,15,5,60,29,27,24,30,25,25,3,75,30,20,10,23,25,20,4,2,2,3,2,3,0x00,0x01,0x00,0x00,ERank,CRank,ERank,NoRank,NoRank,NoRank,NoRank,NoRank,0x88af060,0x880b88a,0x880bcdb,0x880c0eb,0x880c479,0x880c4ba,0x880c4fb,ArmorType
General (F),0x2c4,0x310,0xc,0xa,0x7,0x1,0x77,0xd,20,8,5,5,11,4,11,5,60,27,28,25,29,26,25,3,75,30,25,10,23,25,20,3,2,3,2,3,3,0x00,0x01,0x00,0x00,ERank,CRank,ERank,NoRank,NoRank,NoRank,NoRank,NoRank,0x88af080,0x880b88a,0x880bcdb,0x880c0eb,0x880c479,0x880c4ba,0x880c4fb,ArmorType
Thief,0x2c5,0x311,0xd,0x17,0x8,0x0,0x8e,0x7,16,3,1,9,2,0,6,6,60,20,20,20,20,20,20,2,50,5,45,40,5,20,40,0,0,0,0,0,0,0x0C,0x00,0x00,0x00,ERank,NoRank,NoRank,NoRank,NoRank,NoRank,NoRank,NoRank,0x88af0a0,0x880b9cf,0x880be20,0x880c230,0x880c479,0x880c4ba,0x880c4fb,SwordType
Manakete,0x2d7,0x323,0xe,0x1f,0x9,0x0,0x8f,0x1f,12,0,0,2,2,2,5,8,60,20,20,20,20,20,20,2,95,40,30,20,0,10,25,0,0,0,0,0,0,0x00,0x00,0x04,0x00,NoRank,NoRank,NoRank,NoRank,NoRank,NoRank,NoRank,NoRank,0x88af0ac,0x880bb96,0x880bfe7,0x880c3f7,0x880c53c,0x880c57d,0x880c5be,DragonType
Mercenary,0x2c6,0x312,0xf,0x11,0xa,0x0,0x90,0x3,18,4,8,8,4,0,9,5,60,20,20,20,20,20,20,3,80,40,40,32,18,20,30,0,0,0,0,0,0,0x00,0x00,0x00,0x00,DRank,NoRank,NoRank,NoRank,NoRank,NoRank,NoRank,NoRank,0x88af0b8,0x880b849,0x880bc9a,0x880c0aa,0x880c479,0x880c4ba,0x880c4fb,SwordType
Mercenary (F),0x2c6,0x312,0x10,0x12,0xb,0x0,0x90,0x3,16,3,5,6,2,0,8,5,60,20,20,20,20,20,20,3,80,40,40,32,18,30,30,0,0,0,0,0,0,0x00,0x00,0x00,0x00,DRank,NoRank,NoRank,NoRank,NoRank,NoRank,NoRank,NoRank,0x88af0c4,0x880b849,0x880bc9a,0x880c0aa,0x880c479,0x880c4ba,0x880c4fb,SwordType
Hero,0x2c7,0x313,0x11,0xf,0xc,0x0,0x91,0x4,22,6,9,10,8,2,11,6,60,25,30,26,25,22,25,3,75,30,30,20,20,20,25,4,1,2,2,2,2,0x00,0x01,0x00,0x00,CRank,NoRank,DRank,NoRank,NoRank,NoRank,NoRank,NoRank,0x88af0d0,0x880b808,0x880bc59,0x880c069,0x880c479,0x880c4ba,0x880c4fb,SwordType
Hero (F),0x2c7,0x313,0x12,0x10,0xd,0x0,0x91,0x4,22,6,10,11,6,3,9,6,60,24,30,26,24,24,25,3,75,30,30,20,20,20,25,0,0,0,0,0,0,0x00,0x01,0x00,0x00,CRank,NoRank,DRank,NoRank,NoRank,NoRank,NoRank,NoRank,0x88af0ec,0x880b808,0x880bc59,0x880c069,0x880c479,0x880c4ba,0x880c4fb,SwordType
Myrmidon,0x2c8,0x314,0x13,0x15,0xe,0x0,0x72,0x5,16,4,9,9,2,0,8,5,60,20,20,20,20,20,20,3,70,35,40,40,15,20,30,0,0,0,0,0,0,0x00,0x00,0x02,0x00,DRank,NoRank,NoRank,NoRank,NoRank,NoRank,NoRank,NoRank,0x88af108,0x880b849,0x880bc9a,0x880c0aa,0x880c479,0x880c4ba,0x880c4fb,SwordType
Myrmidon (F),0x2c8,0x314,0x14,0x16,0xf,0x0,0x72,0x5,15,3,9,10,1,1,5,5,60,20,20,20,20,20,20,3,70,35,40,40,15,20,30,0,0,0,0,0,0,0x00,0x00,0x02,0x00,DRank,NoRank,NoRank,NoRank,NoRank,NoRank,NoRank,NoRank,0x88af114,0x880b849,0x880bc9a,0x880c0aa,0x880c479,0x880c4ba,0x880c4fb,SwordType
Swordmaster,0x2c9,0x315,0x15,0x13,0x10,0x0,0x73,0x6,21,6,11,10,5,2,9,6,60,24,29,30,22,23,20,3,65,25,30,30,15,22,25,5,2,0,0,2,1,0x40,0x01,0x02,0x00,CRank,NoRank,NoRank,NoRank,NoRank,NoRank,NoRank,NoRank,0x88af120,0x880b808,0x880bc59,0x880c069,0x880c479,0x880c4ba,0x880c4fb,SwordType
Swordmaster (F),0x2c9,0x315,0x16,0x14,0x11,0x0,0x73,0x6,19,6,11,12,4,3,7,6,60,22,29,30,22,25,20,3,65,25,30,30,15,22,25,4,2,1,0,2,1,0x40,0x01,0x02,0x00,CRank,NoRank,NoRank,NoRank,NoRank,NoRank,NoRank,NoRank,0x88af12c,0x880b808,0x880bc59,0x880c069,0x880c479,0x880c4ba,0x880c4fb,SwordType
Assassin,0x2ca,0x316,0x17,0xd,0x12,0x0,0x8e,0x8,16,3,1,9,2,0,8,6,60,20,30,30,20,20,20,3,50,5,45,40,5,20,40,3,1,0,0,2,2,0x08,0x01,0x02,0x02,DRank,NoRank,NoRank,NoRank,NoRank,NoRank,NoRank,NoRank,0x88af138,0x880b9cf,0x880be20,0x880c230,0x880c479,0x880c4ba,0x880c4fb,SwordType
Assassin (F),0x2ca,0x316,0x18,0xd,0x13,0x0,0x8e,0x8,16,3,1,9,2,0,6,6,60,20,30,30,20,20,20,3,50,5,45,40,5,20,40,2,1,1,1,2,1,0x08,0x01,0x02,0x02,DRank,NoRank,NoRank,NoRank,NoRank,NoRank,NoRank,NoRank,0x88af144,0x880b9cf,0x880be20,0x880c230,0x880c479,0x880c4ba,0x880c4fb,SwordType
Archer,0x2cb,0x317,0x19,0x1b,0x14,0x0,0x78,0xa,18,4,3,3,3,0,7,5,60,20,20,20,20,20,20,3,70,35,40,32,15,15,35,0,0,0,0,0,0,0x80,0x00,0x00,0x00,NoRank,NoRank,NoRank,DRank,NoRank,NoRank,NoRank,NoRank,0x88af150,0x880b849,0x880bc9a,0x880c0aa,0x880c479,0x880c4ba,0x880c4fb,0x0
Archer (F),0x2cb,0x317,0x1a,0x1c,0x15,0x0,0x78,0xa,17,3,3,4,3,0,5,5,60,20,20,20,20,20,20,3,70,35,40,32,15,20,35,0,0,0,0,0,0,0x80,0x00,0x00,0x00,NoRank,NoRank,NoRank,DRank,NoRank,NoRank,NoRank,NoRank,0x88af168,0x880b849,0x880bc9a,0x880c0aa,0x880c479,0x880c4ba,0x880c4fb,0x0
Sniper,0x2cc,0x318,0x1b,0x19,0x16,0x0,0x79,0xb,21,7,6,5,5,2,8,6,60,25,30,28,25,23,20,3,65,30,30,20,15,20,30,3,1,2,2,2,3,0x80,0x01,0x00,0x00,NoRank,NoRank,NoRank,CRank,NoRank,NoRank,NoRank,NoRank,0x88af180,0x880b808,0x880bc59,0x880c069,0x880c479,0x880c4ba,0x880c4fb,0x0
Sniper (F),0x2cc,0x318,0x1c,0x1a,0x17,0x0,0x79,0xb,19,6,6,7,5,3,6,6,60,24,30,29,24,24,20,3,65,30,30,20,15,25,30,4,3,1,1,2,2,0x80,0x01,0x00,0x00,NoRank,NoRank,NoRank,CRank,NoRank,NoRank,NoRank,NoRank,0x88af198,0x880b808,0x880bc59,0x880c069,0x880c479,0x880c4ba,0x880c4fb,0x0
Ranger,0x2cd,0x319,0x1d,0x19,0x18,0x0,0x97,0xc,21,7,6,7,6,3,9,7,60,25,28,30,24,23,25,3,60,25,30,35,15,15,25,3,2,1,1,3,3,0x03,0x05,0x00,0x00,DRank,NoRank,NoRank,DRank,NoRank,NoRank,NoRank,NoRank,0x88af1b0,0x880bb55,0x880bfa6,0x880c3b6,0x880c479,0x880c4ba,0x880c4fb,HorseType
Ranger (F),0x2cd,0x319,0x1e,0x1a,0x18,0x0,0x97,0xc,21,6,6,7,5,4,8,7,60,23,28,30,22,25,25,3,60,25,30,35,15,20,25,2,2,2,1,3,3,0x03,0x05,0x00,0x00,DRank,NoRank,NoRank,DRank,NoRank,NoRank,NoRank,NoRank,0x88af1c0,0x880bb55,0x880bfa6,0x880c3b6,0x880c479,0x880c4ba,0x880c4fb,HorseType
Wyvern Rider,0x2ce,0x31a,0x1f,0x21,0x19,0x0,0x88,0xd,20,7,3,5,8,0,10,7,60,20,20,20,20,20,25,3,80,45,35,30,25,15,25,0,0,0,0,0,0,0x03,0x08,0x00,0x00,NoRank,DRank,NoRank,NoRank,NoRank,NoRank,NoRank,NoRank,0x88af1d0,0x880bb96,0x880bfe7,0x880c3f7,0x880c53c,0x880c57d,0x880c5be,DragonType|FlierType
Wyvern Rider (F),0x2ce,0x31a,0x20,0x22,0x1a,0x0,0x88,0xd,19,6,5,5,7,0,9,7,60,20,20,20,20,20,25,3,80,45,35,30,25,17,25,0,0,0,0,0,0,0x03,0x08,0x00,0x00,NoRank,DRank,NoRank,NoRank,NoRank,NoRank,NoRank,NoRank,0x88af1dc,0x880bb96,0x880bfe7,0x880c3f7,0x880c53c,0x880c57d,0x880c5be,DragonType|FlierType
Wyvern Lord,0x2cf,0x31b,0x21,0x1f,0x1b,0x0,0x89,0xe,25,9,5,7,10,1,11,8,60,27,25,23,28,22,25,3,75,40,30,20,20,17,20,4,2,2,0,2,0,0x03,0x09,0x00,0x00,DRank,CRank,NoRank,NoRank,NoRank,NoRank,NoRank,NoRank,0x88af1e8,0x880bb96,0x880bfe7,0x880c3f7,0x880c53c,0x880c57d,0x880c5be,DragonType|FlierType
Wyvern Lord (F),0x2cf,0x31b,0x22,0x20,0x1c,0x0,0x89,0xe,24,8,7,7,9,2,10,8,60,25,26,24,27,23,25,3,75,40,30,20,20,17,20,0,0,0,0,0,0,0x03,0x09,0x00,0x00,DRank,CRank,NoRank,NoRank,NoRank,NoRank,NoRank,NoRank,0x88af1f8,0x880bb96,0x880bfe7,0x880c3f7,0x880c53c,0x880c57d,0x880c5be,DragonType|FlierType
Wyvern Knight,0x2d0,0x31c,0x23,0x1f,0x1d,0x0,0x93,0xf,20,7,7,8,7,1,10,8,60,25,26,28,24,22,25,3,65,35,30,30,15,17,25,3,1,2,3,0,1,0x03,0x09,0x00,0x00,NoRank,CRank,NoRank,NoRank,NoRank,NoRank,NoRank,NoRank,0x88af208,0x880bb96,0x880bfe7,0x880c3f7,0x880c53c,0x880c57d,0x880c5be,DragonType|FlierType
Wyvern Knight (F),0x2d0,0x31c,0x24,0x20,0x1d,0x0,0x93,0xf,19,6,8,9,6,2,9,8,60,24,27,29,23,23,25,3,65,35,30,30,15,20,25,3,2,1,2,1,1,0x03,0x09,0x00,0x00,NoRank,CRank,NoRank,NoRank,NoRank,NoRank,NoRank,NoRank,0x88af214,0x880bb96,0x880bfe7,0x880c3f7,0x880c53c,0x880c57d,0x880c5be,DragonType|FlierType
Mage,0x2d1,0x31d,0x25,0x27,0x1e,0x0,0x7c,0x12,16,1,2,3,3,3,6,5,60,20,20,20,20,20,20,3,55,55,40,35,5,30,20,1,0,1,2,1,2,0x00,0x00,0x00,0x00,NoRank,NoRank,NoRank,NoRank,NoRank,DRank,NoRank,NoRank,0x88af220,0x880ba10,0x880be61,0x880c271,0x880c479,0x880c4ba,0x880c4fb,0x0
Mage (F),0x2d1,0x31d,0x26,0x28,0x1f,0x0,0x7c,0x12,16,1,3,2,2,4,3,5,60,20,20,20,20,20,20,3,55,55,40,35,5,40,20,0,0,0,0,0,0,0x00,0x00,0x00,0x00,NoRank,NoRank,NoRank,NoRank,NoRank,DRank,NoRank,NoRank,0x88af234,0x880ba10,0x880be61,0x880c271,0x880c479,0x880c4ba,0x880c4fb,0x0
Sage,0x2d2,0x31e,0x27,0x25,0x20,0x0,0x7d,0x13,20,5,4,4,5,5,7,6,60,28,30,26,21,25,20,3,45,45,30,25,10,40,15,4,1,0,0,3,3,0x00,0x01,0x00,0x00,NoRank,NoRank,NoRank,NoRank,DRank,CRank,DRank,NoRank,0x88af248,0x880ba10,0x880be61,0x880c271,0x880c479,0x880c4ba,0x880c4fb,0x0
Sage (F),0x2d2,0x31e,0x28,0x26,0x21,0x0,0x7d,0x13,19,4,6,5,3,6,4,6,60,30,28,26,21,25,20,3,45,45,30,25,10,40,15,3,1,1,0,3,3,0x00,0x01,0x00,0x00,NoRank,NoRank,NoRank,NoRank,DRank,CRank,DRank,NoRank,0x88af260,0x880ba10,0x880be61,0x880c271,0x880c479,0x880c4ba,0x880c4fb,0x0
Mage Knight,0x2d3,0x31f,0x29,0x25,0x22,0x0,0x95,0x14,20,4,3,5,5,5,8,7,60,24,26,25,24,25,25,3,45,40,30,40,10,40,30,4,2,0,0,2,2,0x03,0x05,0x00,0x00,NoRank,NoRank,NoRank,NoRank,DRank,CRank,NoRank,NoRank,0x88af278,0x880bad3,0x880bf24,0x880c334,0x880c479,0x880c4ba,0x880c4fb,HorseType
Mage Knight (F),0x2d3,0x31f,0x2a,0x26,0x23,0x0,0x95,0x14,19,3,5,6,3,6,6,7,60,25,24,25,24,28,25,3,45,40,30,40,10,40,40,3,2,1,0,2,2,0x03,0x05,0x00,0x00,NoRank,NoRank,NoRank,NoRank,DRank,CRank,NoRank,NoRank,0x88af290,0x880bad3,0x880bf24,0x880c334,0x880c479,0x880c4ba,0x880c4fb,HorseType
Bishop,0x2d4,0x320,0x2b,0x45,0x24,0x0,0x7b,0x18,21,4,4,4,3,8,7,6,60,25,26,24,22,30,20,3,45,35,25,22,8,40,40,3,2,1,0,3,2,0x00,0x01,0x00,0x00,NoRank,NoRank,NoRank,NoRank,CRank,NoRank,DRank,NoRank,0x88af2a8,0x880ba10,0x880be61,0x880c271,0x880c479,0x880c4ba,0x880c4fb,0x0
Bishop (F),0x2d4,0x320,0x2c,0x4a,0x25,0x0,0x7b,0x18,19,4,5,4,2,9,5,6,60,25,25,26,21,30,20,3,45,35,25,22,8,50,40,3,1,2,1,2,2,0x00,0x01,0x00,0x00,NoRank,NoRank,NoRank,NoRank,CRank,NoRank,DRank,NoRank,0x88af2c0,0x880ba10,0x880be61,0x880c271,0x880c479,0x880c4ba,0x880c4fb,0x0
Shaman,0x2e1,0x32c,0x2d,0x2f,0x26,0x1,0x7e,0x1b,16,2,1,2,2,4,7,5,60,20,20,20,20,20,20,3,50,50,32,30,10,30,20,1,2,0,1,1,2,0x00,0x00,0x00,0x00,NoRank,NoRank,NoRank,NoRank,NoRank,NoRank,NoRank,DRank,0x88af2d8,0x880ba10,0x880be61,0x880c271,0x880c479,0x880c4ba,0x880c4fb,0x0
Shaman (F),0x2e1,0x32c,0x2e,0x30,0x26,0x1,0x7e,0x1b,15,3,1,1,1,5,3,5,60,20,20,20,20,20,20,3,50,45,32,30,10,40,20,0,0,0,0,0,0,0x00,0x00,0x00,0x00,NoRank,NoRank,NoRank,NoRank,NoRank,NoRank,NoRank,DRank,0x88af2ec,0x880ba10,0x880be61,0x880c271,0x880c479,0x880c4ba,0x880c4fb,0x0
Druid,0x2e2,0x32d,0x2f,0x2d,0x27,0x1,0x7f,0x1c,19,6,3,4,4,6,8,6,60,29,26,26,21,28,20,3,45,55,30,25,10,35,20,4,0,0,3,2,2,0x00,0x01,0x00,0x00,NoRank,NoRank,NoRank,NoRank,ERank,DRank,NoRank,CRank,0x88af300,0x880ba10,0x880be61,0x880c271,0x880c479,0x880c4ba,0x880c4fb,0x0
Druid (F),0x2e2,0x32d,0x30,0x2e,0x27,0x1,0x7f,0x1c,17,7,3,4,3,7,4,6,60,29,26,26,20,29,20,3,45,55,30,25,10,35,20,0,0,0,0,0,0,0x00,0x01,0x00,0x00,NoRank,NoRank,NoRank,NoRank,ERank,DRank,NoRank,CRank,0x88af318,0x880ba10,0x880be61,0x880c271,0x880c479,0x880c4ba,0x880c4fb,0x0
Summoner,0x2e3,0x32e,0x31,0x2d,0x28,0x0,0x7f,0x1d,18,5,3,4,3,5,8,6,60,27,27,26,20,28,20,3,45,50,30,25,8,35,20,3,0,1,3,1,3,0x00,0x01,0x00,0x08,NoRank,NoRank,NoRank,NoRank,ERank,NoRank,NoRank,CRank,0x88af330,0x880ba10,0x880be61,0x880c271,0x880c479,0x880c4ba,0x880c4fb,0x0
Summoner (F),0x2e3,0x32e,0x32,0x2e,0x28,0x0,0x7f,0x1d,18,5,3,4,3,5,4,6,60,27,27,26,20,28,20,3,45,50,30,25,8,35,20,0,0,0,0,0,0,0x00,0x01,0x00,0x08,NoRank,NoRank,NoRank,NoRank,ERank,NoRank,NoRank,CRank,0x88af348,0x880ba10,0x880be61,0x880c271,0x880c479,0x880c4ba,0x880c4fb,0x0
Rogue,0x2db,0x326,0x33,0xd,0x29,0x0,0x94,0x9,16,3,1,9,2,0,7,6,60,20,30,30,20,20,20,3,50,10,45,35,5,20,40,2,1,1,0,2,2,0x0C,0x01,0x00,0x00,ERank,NoRank,NoRank,NoRank,NoRank,NoRank,NoRank,NoRank,0x88af360,0x880b9cf,0x880be20,0x880c230,0x880c479,0x880c4ba,0x880c4fb,SwordType
Gorgon Egg,0x300,0x34c,0x34,0x0,0x2a,0x0,0xa6,0x0,50,0,0,0,10,10,6,0,60,30,30,30,30,30,30,3,100,0,0,0,0,0,0,0,0,0,0,0,0,0x00,0x00,0x00,0x00,NoRank,NoRank,NoRank,NoRank,NoRank,NoRank,NoRank,NoRank,0x0,0x0,0x0,0x0,0x880c479,0x880c4ba,0x880c4fb,MonsterType
Great Knight,0x2e0,0x32b,0x35,0x9,0x2b,0x1,0x96,0x22,21,8,4,6,11,3,13,6,60,28,24,24,29,25,25,3,70,30,20,15,21,20,20,3,2,1,2,2,1,0x03,0x05,0x00,0x00,ERank,DRank,DRank,NoRank,NoRank,NoRank,NoRank,NoRank,0x88af36c,0x880bad3,0x880bf24,0x880c334,0x880c479,0x880c4ba,0x880c4fb,HorseType
Great Knight (F),0x2e0,0x32b,0x36,0xa,0x2b,0x1,0x96,0x22,20,6,6,7,9,3,10,6,60,26,26,25,28,26,25,3,70,30,25,20,21,22,20,3,1,1,2,2,2,0x03,0x05,0x00,0x00,ERank,DRank,DRank,NoRank,NoRank,NoRank,NoRank,NoRank,0x88af38c,0x880bad3,0x880bf24,0x880c334,0x880c479,0x880c4ba,0x880c4fb,HorseType
Recruit (2),0x2da,0x332,0x37,0x3a,0x2c,0x0,0x8a,0x28,18,5,3,3,6,0,6,5,60,20,20,20,20,20,20,3,75,45,40,40,25,35,40,2,1,1,1,2,1,0x00,0x00,0x00,0x00,NoRank,DRank,NoRank,NoRank,NoRank,NoRank,NoRank,NoRank,0x88af3ac,0x880b849,0x880bc9a,0x880c0aa,0x880c479,0x880c4ba,0x880c4fb,0x0
Journeyman (3),0x2d8,0x324,0x38,0x7e,0x2d,0x0,0x74,0x27,28,8,5,6,5,0,8,6,60,26,29,28,23,23,20,3,85,55,40,32,18,20,40,4,1,2,2,2,2,0x40,0x01,0x00,0x00,NoRank,NoRank,CRank,NoRank,NoRank,NoRank,NoRank,NoRank,0x88af3b8,0x880b8cb,0x880bd1c,0x880c12c,0x880c479,0x880c4ba,0x880c4fb,0x0
Pupil (3),0x2d9,0x325,0x39,0x7f,0x2e,0x0,0x7c,0x29,20,5,4,4,5,5,5,6,60,29,28,27,21,26,20,3,55,55,40,35,10,30,40,4,2,0,1,3,3,0x00,0x01,0x00,0x00,NoRank,NoRank,NoRank,NoRank,NoRank,CRank,ERank,DRank,0x88af3d0,0x880ba10,0x880be61,0x880c271,0x880c479,0x880c4ba,0x880c4fb,0x0
Recruit (3),0x2da,0x332,0x3a,0x37,0x2c,0x0,0x8a,0x28,23,6,6,11,7,6,6,6,60,23,30,29,22,26,20,3,75,45,40,40,25,35,40,2,2,1,1,2,1,0x40,0x01,0x00,0x00,NoRank,CRank,NoRank,NoRank,NoRank,NoRank,NoRank,NoRank,0x88af3e4,0x880b849,0x880bc9a,0x880c0aa,0x880c479,0x880c4ba,0x880c4fb,0x0
Manakete,0x2d7,0x323,0x3b,0x1f,0x2f,0x0,0xa9,0x1f,20,0,0,2,1,1,25,3,60,20,20,20,20,20,25,3,95,40,30,20,0,10,25,0,0,0,0,0,0,0x00,0x01,0x04,0x00,NoRank,NoRank,NoRank,NoRank,NoRank,NoRank,NoRank,NoRank,0x88af3f0,0x880bb96,0x880bfe7,0x880c3f7,0x880c53c,0x880c57d,0x880c5be,DragonType
Manakete (F),0x2d7,0x323,0x3c,0x20,0x30,0x0,0x8f,0x1f,12,0,0,2,2,2,5,6,60,20,20,20,20,20,20,2,95,40,30,20,0,10,25,0,0,0,0,0,0,0x00,0x00,0x04,0x00,NoRank,NoRank,NoRank,NoRank,NoRank,NoRank,NoRank,NoRank,0x88af3fc,0x880bb96,0x880bfe7,0x880c3f7,0x880c53c,0x880c57d,0x880c5be,DragonType
Journeyman (1),0x2d8,0x324,0x3d,0x0,0x2d,0x0,0x74,0x27,14,3,0,1,1,0,8,4,60,20,20,20,20,20,20,1,85,55,40,32,18,20,40,0,0,0,0,0,0,0x00,0x00,0x08,0x00,NoRank,NoRank,ERank,NoRank,NoRank,NoRank,NoRank,NoRank,0x88af408,0x880b8cb,0x880bd1c,0x880c12c,0x880c479,0x880c4ba,0x880c4fb,0x0
Pupil (1),0x2d9,0x325,0x3e,0x0,0x2e,0x0,0x7c,0x29,13,1,0,1,0,3,5,4,60,20,20,20,20,20,20,1,55,55,40,35,10,30,40,0,0,0,0,0,0,0x00,0x00,0x08,0x00,NoRank,NoRank,NoRank,NoRank,NoRank,ERank,NoRank,NoRank,0x88af420,0x880ba10,0x880be61,0x880c271,0x880c479,0x880c4ba,0x880c4fb,0x0
Fighter,0x2dc,0x327,0x3f,0x40,0x31,0x0,0x74,0x23,20,5,2,4,2,0,11,5,60,20,20,20,20,20,20,3,85,55,35,30,15,15,15,2,2,1,0,0,1,0x00,0x00,0x00,0x00,NoRank,NoRank,DRank,NoRank,NoRank,NoRank,NoRank,NoRank,0x88af434,0x880b8cb,0x880bd1c,0x880c12c,0x880c479,0x880c4ba,0x880c4fb,0x0
Warrior,0x2dd,0x328,0x40,0x3f,0x32,0x0,0x75,0x25,28,8,5,6,5,0,13,6,60,30,28,26,26,22,25,3,80,45,25,20,16,17,15,3,1,2,0,3,3,0x00,0x01,0x00,0x00,NoRank,NoRank,CRank,ERank,NoRank,NoRank,NoRank,NoRank,0x88af44c,0x880b8cb,0x880bd1c,0x880c12c,0x880c479,0x880c4ba,0x880c4fb,0x0
Brigand,0x2de,0x329,0x41,0x43,0x33,0x0,0x8b,0x0,20,5,1,5,3,0,12,5,60,20,20,20,20,20,20,3,82,50,30,20,10,13,15,2,1,1,0,1,1,0x00,0x00,0x00,0x00,NoRank,NoRank,DRank,NoRank,NoRank,NoRank,NoRank,NoRank,0x88af468,0x880b94d,0x880bd9e,0x880c1ae,0x880c479,0x880c4ba,0x880c4fb,0x0
Pirate,0x2ee,0x33a,0x42,0x43,0x34,0x0,0x8c,0x24,19,4,2,6,3,0,10,5,60,20,20,20,20,20,20,3,75,50,35,25,10,13,15,2,2,0,1,1,0,0x00,0x00,0x00,0x00,NoRank,NoRank,DRank,NoRank,NoRank,NoRank,NoRank,NoRank,0x88af480,0x880b98e,0x880bddf,0x880c1ef,0x880c479,0x880c4ba,0x880c4fb,0x0
Berserker,0x2df,0x32a,0x43,0x42,0x35,0x0,0x8d,0x26,24,7,6,7,6,0,13,6,60,30,29,28,23,21,25,3,75,50,35,25,10,13,15,4,1,1,1,2,2,0x40,0x01,0x00,0x00,NoRank,NoRank,CRank,NoRank,NoRank,NoRank,NoRank,NoRank,0x88af498,0x880b90c,0x880bd5d,0x880c16d,0x880c479,0x880c4ba,0x880c4fb,0x0
Monk,0x2e4,0x32f,0x44,0x0,0x36,0x0,0x7a,0x17,18,1,1,2,1,5,6,5,60,20,20,20,20,20,20,3,50,30,35,32,8,40,45,0,0,0,0,0,0,0x00,0x00,0x00,0x00,NoRank,NoRank,NoRank,NoRank,NoRank,NoRank,ERank,NoRank,0x88af4b0,0x880ba10,0x880be61,0x880c271,0x880c479,0x880c4ba,0x880c4fb,0x0
Priest,0x2e6,0x330,0x45,0x27,0x37,0x0,0x7a,0x15,18,1,1,2,1,5,5,5,60,20,20,20,20,20,20,2,50,30,35,32,8,50,45,0,0,0,0,0,0,0x00,0x00,0x00,0x00,NoRank,NoRank,NoRank,NoRank,DRank,NoRank,NoRank,NoRank,0x88af4c4,0x880ba10,0x880be61,0x880c271,0x880c479,0x880c4ba,0x880c4fb,0x0
Bard,0x2e5,0x331,0x46,0x0,0x38,0x0,0x8b,0x0,14,1,2,7,1,0,6,5,60,10,10,30,24,26,20,2,45,45,30,60,0,13,70,0,0,0,0,0,0,0x20,0x00,0x00,0x00,NoRank,NoRank,NoRank,NoRank,NoRank,NoRank,NoRank,NoRank,0x0,0x880b849,0x880bc9a,0x880c0aa,0x880c479,0x880c4ba,0x880c4fb,0x0
Recruit (1),0x2da,0x332,0x47,0x0,0x2c,0x0,0x8a,0x28,13,3,0,1,0,1,6,4,60,20,20,20,20,20,20,1,75,45,40,40,25,35,40,0,0,0,0,0,0,0x00,0x00,0x08,0x00,NoRank,ERank,NoRank,NoRank,NoRank,NoRank,NoRank,NoRank,0x88af4d0,0x880b849,0x880bc9a,0x880c0aa,0x880c479,0x880c4ba,0x880c4fb,0x0
Pegasus Knight,0x2e7,0x333,0x48,0x49,0x39,0x0,0x86,0x10,14,4,5,5,3,2,5,7,60,20,20,20,20,20,25,3,65,35,40,40,12,35,35,0,0,0,0,0,0,0x03,0x10,0x00,0x00,NoRank,DRank,NoRank,NoRank,NoRank,NoRank,NoRank,NoRank,0x88af4dc,0x880bb96,0x880bfe7,0x880c3f7,0x880c53c,0x880c57d,0x880c5be,FlierType
Falcon Knight,0x2e8,0x334,0x49,0x48,0x3a,0x0,0x87,0x11,20,6,7,7,5,4,6,8,60,23,25,28,23,26,25,3,60,30,30,30,12,30,30,5,2,0,2,2,2,0x03,0x11,0x00,0x00,ERank,CRank,NoRank,NoRank,NoRank,NoRank,NoRank,NoRank,0x88af4e8,0x880bb96,0x880bfe7,0x880c3f7,0x880c53c,0x880c57d,0x880c5be,FlierType
Cleric,0x2e9,0x335,0x4a,0x2c,0x3b,0x0,0x7a,0x16,16,1,2,2,0,6,4,5,60,20,20,20,20,20,20,2,50,30,35,32,8,50,45,0,0,0,0,0,0,0x00,0x00,0x00,0x00,NoRank,NoRank,NoRank,NoRank,DRank,NoRank,NoRank,NoRank,0x88af4f8,0x880ba10,0x880be61,0x880c271,0x880c479,0x880c4ba,0x880c4fb,0x0
Troubadour,0x2ea,0x336,0x4b,0x4c,0x3c,0x0,0x82,0x19,15,1,1,3,2,5,5,6,60,20,20,20,20,20,25,2,50,25,35,55,12,40,45,0,0,0,0,0,0,0x03,0x04,0x00,0x00,NoRank,NoRank,NoRank,NoRank,DRank,NoRank,NoRank,NoRank,0x88af504,0x880ba92,0x880bee3,0x880c2f3,0x880c479,0x880c4ba,0x880c4fb,HorseType
Valkyrie,0x2eb,0x337,0x4c,0x4b,0x3d,0x0,0x83,0x1a,19,4,3,5,4,8,6,7,60,25,24,25,24,28,25,3,45,35,25,45,10,40,40,3,2,1,0,2,3,0x03,0x05,0x00,0x00,NoRank,NoRank,NoRank,NoRank,DRank,NoRank,DRank,NoRank,0x88af510,0x880bad3,0x880bf24,0x880c334,0x880c479,0x880c4ba,0x880c4fb,HorseType
Dancer,0x2ec,0x338,0x4d,0x0,0x3e,0x0,0x8b,0x2a,14,1,2,7,0,1,4,5,60,10,10,30,24,26,20,2,45,45,30,60,0,13,70,0,0,0,0,0,0,0x10,0x00,0x00,0x00,NoRank,NoRank,NoRank,NoRank,NoRank,NoRank,NoRank,NoRank,0x88af528,0x880b849,0x880bc9a,0x880c0aa,0x880c479,0x880c4ba,0x880c4fb,0x0
Soldier,0x2ed,0x339,0x4e,Halberdier,0x3f,0x0,0x8a,0x0,20,3,0,1,0,0,6,5,60,20,20,20,20,20,20,2,80,50,30,20,12,15,25,0,0,0,0,0,0,0x00,0x00,0x00,0x00,NoRank,ERank,NoRank,NoRank,NoRank,NoRank,NoRank,NoRank,0x88af53c,0x880b849,0x880bc9a,0x880c0aa,0x880c479,0x880c4ba,0x880c4fb,0x0
Necromancer,0x2ef,0x33b,0x4f,0x2d,0x40,0x0,0x7f,0x2b,18,9,4,5,3,8,7,6,80,30,25,25,30,30,25,3,45,55,30,25,10,35,20,0,0,0,0,0,0,0x00,0x01,0x00,0x08,NoRank,NoRank,NoRank,NoRank,SRank,NoRank,NoRank,SRank,0x88af548,0x880ba10,0x880be61,0x880c271,0x880c479,0x880c4ba,0x880c4fb,0x0
Fleet,0x2f0,0x33c,0x50,0x0,0x41,0x0,0x92,0x0,19,1,1,2,5,0,25,3,60,20,20,20,30,20,25,3,75,35,40,32,15,15,15,0,0,0,0,0,0,0x00,0x00,0x00,0x00,NoRank,NoRank,NoRank,CRank,NoRank,NoRank,NoRank,NoRank,0x0,0x880b98e,0x880bddf,0x880c1ef,0x880c479,0x880c4ba,0x880c4fb,0x0
Phantom,0x2f1,0x33d,0x51,0x0,0x42,0x0,0x98,0x1e,1,5,2,4,0,0,11,5,1,20,20,20,0,0,20,3,0,55,35,45,15,15,50,0,0,0,0,0,0,0x00,0x00,0x00,0x00,NoRank,NoRank,CRank,NoRank,NoRank,NoRank,NoRank,NoRank,0x0,0x880bb96,0x880bfe7,0x880c3f7,0x880c53c,0x880c57d,0x880c5be,0x0
Revenant,0x2f2,0x33e,0x52,0x53,0x43,0x0,0x99,0x0,25,2,0,0,0,0,6,4,60,20,20,20,20,20,20,3,95,50,30,20,10,13,10,0,0,0,0,0,0,0x00,0x00,0x04,0x00,NoRank,NoRank,NoRank,NoRank,NoRank,NoRank,NoRank,NoRank,0x88af560,0x880b849,0x880bc9a,0x880c0aa,0x880c479,0x880c4ba,0x880c4fb,MonsterType
Entombed,0x2f3,0x33f,0x53,0x52,0x44,0x0,0x9a,0x0,35,3,0,1,0,0,6,5,80,25,22,21,24,22,25,1,85,40,25,17,10,13,50,6,2,1,0,0,1,0x00,0x01,0x04,0x00,NoRank,NoRank,NoRank,NoRank,NoRank,NoRank,NoRank,NoRank,0x88af56c,0x880b849,0x880bc9a,0x880c0aa,0x880c479,0x880c4ba,0x880c4fb,MonsterType
Bonewalker,0x2f4,0x340,0x54,0x56,0x45,0x0,0x9b,0x0,20,4,2,3,3,0,7,5,60,20,20,20,20,20,20,3,80,50,30,20,12,15,10,0,0,0,0,0,0,0x00,0x00,0x02,0x00,CRank,CRank,NoRank,NoRank,NoRank,NoRank,NoRank,NoRank,0x88af578,0x880b849,0x880bc9a,0x880c0aa,0x880c479,0x880c4ba,0x880c4fb,MonsterType
Bonewalker (Bow),0x2f4,0x340,0x55,0x57,0x46,0x0,0x9b,0x0,18,4,3,2,3,0,6,5,60,20,20,20,20,20,20,3,70,35,40,32,15,15,10,2,1,2,1,0,0,0x00,0x00,0x00,0x00,NoRank,NoRank,NoRank,CRank,NoRank,NoRank,NoRank,NoRank,0x88af588,0x880b849,0x880bc9a,0x880c0aa,0x880c479,0x880c4ba,0x880c4fb,MonsterType
Wight,0x2f5,0x341,0x56,0x54,0x47,0x0,0x9c,0x0,21,7,5,6,5,2,9,6,60,24,28,26,22,23,25,3,65,25,25,20,15,22,10,0,0,0,0,0,0,0x00,0x01,0x02,0x00,ARank,ARank,NoRank,NoRank,NoRank,NoRank,NoRank,NoRank,0x88af594,0x880b849,0x880bc9a,0x880c0aa,0x880c479,0x880c4ba,0x880c4fb,MonsterType
Wight (Bow),0x2f5,0x341,0x57,0x55,0x48,0x0,0x9c,0x0,21,6,6,5,5,2,8,6,60,25,30,28,25,23,20,3,65,30,30,20,15,20,10,2,1,2,1,0,0,0x00,0x01,0x00,0x00,NoRank,NoRank,NoRank,ARank,NoRank,NoRank,NoRank,NoRank,0x88af5a4,0x880b849,0x880bc9a,0x880c0aa,0x880c479,0x880c4ba,0x880c4fb,MonsterType
Bael,0x2f6,0x342,0x58,0x59,0x49,0x0,0x9d,0x0,25,6,3,3,6,1,12,5,60,30,28,26,26,22,25,3,82,50,30,20,18,13,15,0,0,0,0,0,0,0x00,0x00,0x04,0x00,NoRank,NoRank,NoRank,NoRank,NoRank,NoRank,NoRank,NoRank,0x88af5b0,0x880b94d,0x880bd9e,0x880c1ae,0x880c479,0x880c4ba,0x880c4fb,MonsterType
Elder Bael,0x2f7,0x343,0x59,0x58,0x4a,0x0,0x9e,0x0,36,8,5,5,9,4,15,6,80,30,28,26,26,22,25,3,85,45,25,20,21,17,10,3,2,1,0,2,0,0x00,0x01,0x04,0x00,NoRank,NoRank,NoRank,NoRank,NoRank,NoRank,NoRank,NoRank,0x88af5bc,0x880b94d,0x880bd9e,0x880c1ae,0x880c479,0x880c4ba,0x880c4fb,MonsterType
Cyclops,0x2f8,0x344,0x5a,0x9,0x4b,0x0,0x9f,0x0,40,8,5,6,13,0,16,5,80,29,29,28,30,25,25,3,95,30,35,25,24,25,10,3,3,0,0,2,0,0x00,0x01,0x00,0x00,NoRank,NoRank,ARank,NoRank,NoRank,NoRank,NoRank,NoRank,0x88af5c8,0x880b8cb,0x880bd1c,0x880c12c,0x880c479,0x880c4ba,0x880c4fb,MonsterType
Mauthe Doog,0x2f9,0x345,0x5b,0x5c,0x4c,0x0,0xa0,0x0,16,4,10,10,2,0,6,7,60,20,20,20,20,20,20,3,70,35,45,45,15,20,30,0,0,0,0,0,0,0x00,0x00,0x04,0x00,NoRank,NoRank,NoRank,NoRank,NoRank,NoRank,NoRank,NoRank,0x88af5e0,0x880bb14,0x880bf65,0x880c375,0x880c479,0x880c4ba,0x880c4fb,MonsterType
Gwyllgi,0x2fa,0x346,0x5c,0x5b,0x4d,0x0,0xa1,0x0,21,6,12,12,5,2,8,8,60,24,29,30,22,23,20,3,65,28,35,35,16,22,25,2,1,2,3,0,0,0x00,0x01,0x04,0x00,NoRank,NoRank,NoRank,NoRank,NoRank,NoRank,NoRank,NoRank,0x88af5ec,0x880bb55,0x880bfa6,0x880c3b6,0x880c479,0x880c4ba,0x880c4fb,MonsterType
Tarvos,0x2fb,0x347,0x5d,0x5e,0x4e,0x0,0xa2,0x0,21,6,2,5,7,0,10,7,60,20,20,20,20,20,20,3,80,35,40,28,15,15,10,0,0,0,0,0,0,0x00,0x00,0x00,0x00,NoRank,NoRank,CRank,NoRank,NoRank,NoRank,NoRank,NoRank,0x88af5f8,0x880bb14,0x880bf65,0x880c375,0x880c479,0x880c4ba,0x880c4fb,MonsterType
Maelduin,0x2fc,0x348,0x5e,0x5d,0x4f,0x0,0xa3,0x0,25,8,4,7,9,3,12,8,80,25,26,24,25,25,25,3,75,30,30,18,13,20,10,2,2,0,2,0,2,0x00,0x01,0x00,0x00,NoRank,NoRank,ARank,ARank,NoRank,NoRank,NoRank,NoRank,0x88af610,0x880bb55,0x880bfa6,0x880c3b6,0x880c479,0x880c4ba,0x880c4fb,MonsterType
Mogall,0x2fd,0x349,0x5f,0x60,0x50,0x0,0xa4,0x0,15,2,1,2,2,4,4,5,60,20,20,20,20,20,20,3,50,45,32,30,10,28,30,0,0,0,0,0,0,0x00,0x00,0x04,0x00,NoRank,NoRank,NoRank,NoRank,NoRank,NoRank,NoRank,CRank,0x88af62c,0x880bb96,0x880bfe7,0x880c3f7,0x880c53c,0x880c57d,0x880c5be,MonsterType
Arch Mogall,0x2fe,0x34a,0x60,0x5f,0x51,0x0,0xa5,0x0,17,6,3,3,3,7,5,6,60,29,26,26,20,29,20,3,45,55,30,25,10,28,20,2,0,1,0,0,2,0x00,0x01,0x04,0x00,NoRank,NoRank,NoRank,NoRank,NoRank,NoRank,NoRank,ARank,0x88af640,0x880bb96,0x880bfe7,0x880c3f7,0x880c53c,0x880c57d,0x880c5be,MonsterType
Gorgon,0x2ff,0x34b,0x61,0x5f,0x52,0x0,0xa6,0x0,19,8,3,4,5,7,11,6,60,29,26,26,21,28,25,3,45,60,30,25,10,40,30,0,0,0,0,0,0,0x00,0x01,0x04,0x00,NoRank,NoRank,NoRank,NoRank,NoRank,NoRank,NoRank,ARank,0x88af654,0x880ba10,0x880be61,0x880c271,0x880c479,0x880c4ba,0x880c4fb,MonsterType
Gorgon Egg,0x300,0x34c,0x62,0x0,0x53,0x0,0xa6,0x0,50,0,0,0,10,10,6,0,60,30,30,30,30,30,30,3,100,0,0,0,0,0,0,0,0,0,0,0,0,0x00,0x00,0x00,0x00,NoRank,NoRank,NoRank,NoRank,NoRank,NoRank,NoRank,NoRank,0x0,0x0,0x0,0x0,0x880c479,0x880c4ba,0x880c4fb,MonsterType
Gargoyle,0x301,0x34d,0x63,0x64,0x54,0x0,0xa7,0x0,19,6,3,6,6,0,8,6,60,20,20,20,20,20,20,3,80,45,35,35,25,15,10,0,0,0,0,0,0,0x00,0x00,0x00,0x00,NoRank,CRank,NoRank,NoRank,NoRank,NoRank,NoRank,NoRank,0x88af668,0x880bb96,0x880bfe7,0x880c3f7,0x880c53c,0x880c57d,0x880c5be,MonsterType
Deathgoyle,0x302,0x34e,0x64,0x63,0x55,0x0,0xa8,0x0,23,8,5,8,9,1,11,7,60,27,25,23,28,22,25,3,75,40,30,25,20,17,10,2,2,1,0,2,0,0x00,0x01,0x00,0x00,NoRank,ARank,NoRank,NoRank,NoRank,NoRank,NoRank,NoRank,0x88af674,0x880bb96,0x880bfe7,0x880c3f7,0x880c53c,0x880c57d,0x880c5be,MonsterType
Dracozombie,0x303,0x34f,0x65,0x1f,0x56,0x0,0xa9,0x0,53,1,0,1,0,3,25,5,100,50,50,50,50,50,25,3,85,35,20,20,30,10,25,0,0,0,0,0,0,0x00,0x01,0x04,0x00,NoRank,NoRank,NoRank,NoRank,NoRank,NoRank,NoRank,NoRank,0x88af680,0x880bb96,0x880bfe7,0x880c3f7,0x880c53c,0x880c57d,0x880c5be,MonsterType
Demon King,0x304,0x350,0x66,0x1f,0x57,0x0,0xaa,0x0,120,23,20,18,25,25,25,2,120,50,50,50,50,50,25,5,95,40,30,20,20,20,25,0,0,0,0,0,0,0x00,0x01,0x04,0x00,NoRank,NoRank,NoRank,NoRank,NoRank,NoRank,NoRank,NoRank,0x88af68c,0x880bbd7,0x880bbd7,0x880bbd7,0x880c479,0x880c4ba,0x880c4fb,MonsterType
Archer on Ballista,0x0,0x0,0x67,0x0,0x58,0x0,0x0,0x0,0,0,0,0,0,0,0,0,0,0,0,0,0,0,0,3,0,0,0,0,0,10,0,0,0,0,0,0,0,0x00,0x00,0x00,0x00,NoRank,NoRank,NoRank,NoRank,NoRank,NoRank,NoRank,NoRank,0x0,0x0,0x0,0x0,0x880c479,0x880c4ba,0x880c4fb,0x0
Archer on Iron Ballista,0x0,0x0,0x68,0x0,0x59,0x0,0x0,0x0,0,0,0,0,0,0,0,0,0,0,0,0,0,0,0,0,0,0,0,0,0,0,0,0,0,0,0,0,0,0x00,0x00,0x00,0x00,NoRank,NoRank,NoRank,NoRank,NoRank,NoRank,NoRank,NoRank,0x0,0x0,0x0,0x0,0x880c479,0x880c4ba,0x880c4fb,0x0
Archer on Killer Ballista,0x0,0x0,0x69,0x0,0x5a,0x0,0x0,0x0,0,0,0,0,0,0,0,0,0,0,0,0,0,0,0,0,0,0,0,0,0,0,0,0,0,0,0,0,0,0x00,0x00,0x00,0x00,NoRank,NoRank,NoRank,NoRank,NoRank,NoRank,NoRank,NoRank,0x0,0x0,0x0,0x0,0x880c479,0x880c4ba,0x880c4fb,0x0
Ballista,0x0,0x0,0x6a,0x0,0x5b,0x0,0x0,0x0,0,0,0,0,0,0,0,0,0,0,0,0,0,0,0,0,0,0,0,0,0,0,0,0,0,0,0,0,0,0x00,0x00,0x00,0x00,NoRank,NoRank,NoRank,NoRank,NoRank,NoRank,NoRank,NoRank,0x0,0x0,0x0,0x0,0x880c479,0x880c4ba,0x880c4fb,0x0
Iron Ballista,0x0,0x0,0x6b,0x0,0x5c,0x0,0x0,0x0,0,0,0,0,0,0,0,0,0,0,0,0,0,0,0,0,0,0,0,0,0,0,0,0,0,0,0,0,0,0x00,0x00,0x00,0x00,NoRank,NoRank,NoRank,NoRank,NoRank,NoRank,NoRank,NoRank,0x0,0x0,0x0,0x0,0x880c479,0x880c4ba,0x880c4fb,0x0
Killer Ballista,0x0,0x0,0x6c,0x0,0x5d,0x0,0x0,0x0,0,0,0,0,0,0,0,0,0,0,0,0,0,0,0,0,0,0,0,0,0,0,0,0,0,0,0,0,0,0x00,0x00,0x00,0x00,NoRank,NoRank,NoRank,NoRank,NoRank,NoRank,NoRank,NoRank,0x0,0x0,0x0,0x0,0x880c479,0x880c4ba,0x880c4fb,0x0
Civilian,0x305,0x351,0x6d,0x0,0x5e,0x1,0x5e,0x0,8,1,0,0,0,0,4,5,60,20,20,20,20,20,20,1,10,0,0,0,0,10,0,0,0,0,0,0,0,0x00,0x00,0x00,0x00,NoRank,NoRank,NoRank,NoRank,NoRank,NoRank,NoRank,NoRank,0x0,0x880ba51,0x880bea2,0x880c2b2,0x880c479,0x880c4ba,0x880c4fb,0x0
Civilian (F),0x305,0x351,0x6e,0x0,0x5f,0x1,0x63,0x0,7,0,0,0,0,1,3,5,60,20,20,20,20,20,20,1,10,0,0,0,0,10,0,0,0,0,0,0,0,0x00,0x00,0x00,0x00,NoRank,NoRank,NoRank,NoRank,NoRank,NoRank,NoRank,NoRank,0x0,0x880ba51,0x880bea2,0x880c2b2,0x880c479,0x880c4ba,0x880c4fb,0x0
Civilian,0x305,0x351,0x6f,0x0,0x60,0x1,0x59,0x0,10,0,1,0,0,2,6,5,60,20,20,20,20,20,20,1,10,0,0,0,0,10,0,0,0,0,0,0,0,0x00,0x00,0x00,0x00,NoRank,NoRank,NoRank,NoRank,NoRank,NoRank,NoRank,NoRank,0x0,0x880ba51,0x880bea2,0x880c2b2,0x880c479,0x880c4ba,0x880c4fb,0x0
Civilian (F),0x305,0x351,0x70,0x0,0x61,0x1,0x62,0x0,9,0,1,0,0,1,4,5,60,20,20,20,20,20,20,1,10,0,0,0,0,10,0,0,0,0,0,0,0,0x00,0x00,0x00,0x00,NoRank,NoRank,NoRank,NoRank,NoRank,NoRank,NoRank,NoRank,0x0,0x880ba51,0x880bea2,0x880c2b2,0x880c479,0x880c4ba,0x880c4fb,0x0
Civilian,0x305,0x351,0x71,0x0,0x60,0x1,0x5c,0x0,12,3,0,0,2,0,7,5,60,20,20,20,20,20,20,1,10,0,0,0,0,10,0,0,0,0,0,0,0,0x00,0x00,0x00,0x00,NoRank,NoRank,NoRank,NoRank,NoRank,NoRank,NoRank,NoRank,0x0,0x880ba51,0x880bea2,0x880c2b2,0x880c479,0x880c4ba,0x880c4fb,0x0
Civilian (F),0x305,0x351,0x72,0x0,0x61,0x1,0x61,0x0,10,0,1,0,1,1,5,5,60,20,20,20,20,20,20,1,10,0,0,0,0,10,0,0,0,0,0,0,0,0x00,0x00,0x00,0x00,NoRank,NoRank,NoRank,NoRank,NoRank,NoRank,NoRank,NoRank,0x0,0x880ba51,0x880bea2,0x880c2b2,0x880c479,0x880c4ba,0x880c4fb,0x0
Peer,0x0,0x0,0x73,0x0,0x62,0x1,0x1,0x0,10,0,0,0,0,0,8,5,60,20,20,20,20,20,20,1,10,0,0,0,0,10,0,0,0,0,0,0,0,0x00,0x00,0x00,0x00,NoRank,NoRank,NoRank,NoRank,NoRank,NoRank,NoRank,NoRank,0x0,0x880ba51,0x880bea2,0x880c2b2,0x880c479,0x880c4ba,0x880c4fb,0x0
Queen,0x307,0x353,0x74,0x0,0x63,0x1,0x1,0x0,10,0,0,0,0,0,5,5,60,20,20,20,20,20,20,1,10,0,0,0,0,10,0,0,0,0,0,0,0,0x00,0x00,0x00,0x00,NoRank,NoRank,NoRank,NoRank,NoRank,NoRank,NoRank,NoRank,0x0,0x880ba51,0x880bea2,0x880c2b2,0x880c479,0x880c4ba,0x880c4fb,0x0
Prince,0x0,0x0,0x75,0x0,0x64,0x1,0x1,0x0,10,0,0,0,0,0,7,5,60,20,20,20,20,20,20,1,10,0,0,0,0,10,0,0,0,0,0,0,0,0x00,0x00,0x00,0x00,NoRank,NoRank,NoRank,NoRank,NoRank,NoRank,NoRank,NoRank,0x0,0x880ba51,0x880bea2,0x880c2b2,0x880c479,0x880c4ba,0x880c4fb,0x0
Queen,0x307,0x353,0x76,0x0,0x65,0x1,0x1,0x0,10,0,0,0,0,0,6,5,60,20,20,20,20,20,20,1,10,0,0,0,0,10,0,0,0,0,0,0,0,0x00,0x00,0x00,0x00,NoRank,NoRank,NoRank,NoRank,NoRank,NoRank,NoRank,NoRank,0x0,0x880ba51,0x880bea2,0x880c2b2,0x880c479,0x880c4ba,0x880c4fb,0x0
(empty),0x0,0x0,0x77,0x0,0x66,0x0,0x0,0x0,0,0,0,0,0,0,0,0,0,0,0,0,0,0,0,0,0,0,0,0,0,0,0,0,0,0,0,0,0,0x00,0x00,0x00,0x00,NoRank,NoRank,NoRank,NoRank,NoRank,NoRank,NoRank,NoRank,0x0,0x0,0x0,0x0,0x880c479,0x880c4ba,0x880c4fb,0x0
Fallen Prince,0x0,0x0,0x78,0x0,0x67,0x1,0x1,0x0,10,0,0,0,0,0,25,5,60,20,20,20,20,20,20,1,10,0,0,0,0,10,0,0,0,0,0,0,0,0x00,0x00,0x00,0x00,NoRank,NoRank,NoRank,NoRank,NoRank,NoRank,NoRank,NoRank,0x0,0x880ba51,0x880bea2,0x880c2b2,0x880c479,0x880c4ba,0x880c4fb,0x0
Tent,0x0,0x0,0x79,0x0,0x68,0x1,0x1,0x0,15,0,3,3,3,0,25,0,60,20,20,20,20,20,25,1,10,0,0,0,0,10,0,0,0,0,0,0,0,0x00,0x02,0x10,0x00,NoRank,NoRank,NoRank,NoRank,NoRank,NoRank,NoRank,NoRank,0x0,0x880ba51,0x880bea2,0x880c2b2,0x880c479,0x880c4ba,0x880c4fb,0x0
Pontifex,0x306,0x352,0x7a,0x0,0x69,0x1,0x1,0x0,10,0,0,0,0,0,8,5,60,20,20,20,20,20,20,1,10,0,0,0,0,10,0,0,0,0,0,0,0,0x00,0x00,0x00,0x00,NoRank,NoRank,NoRank,NoRank,NoRank,NoRank,NoRank,NoRank,0x0,0x880ba51,0x880bea2,0x880c2b2,0x880c479,0x880c4ba,0x880c4fb,0x0
Dead Peer,0x0,0x0,0x7b,0x0,0x6a,0x1,0x1,0x0,10,0,0,0,0,0,25,5,60,20,20,20,20,20,20,1,10,0,0,0,0,10,0,0,0,0,0,0,0,0x00,0x00,0x00,0x00,NoRank,NoRank,NoRank,NoRank,NoRank,NoRank,NoRank,NoRank,0x0,0x880ba51,0x880bea2,0x880c2b2,0x880c479,0x880c4ba,0x880c4fb,0x0
Cyclops,0x2f8,0x344,0x7c,0x9,0x4b,0x0,0x9f,0x0,40,8,5,6,13,0,16,5,80,29,29,28,30,25,25,3,95,30,35,25,24,25,10,0,0,0,0,0,0,0x00,0x01,0x00,0x00,NoRank,NoRank,SRank,NoRank,NoRank,NoRank,NoRank,NoRank,0x88af6a4,0x880b8cb,0x880bd1c,0x880c12c,0x880c479,0x880c4ba,0x880c4fb,MonsterType
Elder Bael,0x2f7,0x343,0x7d,0x58,0x4a,0x0,0x9e,0x0,36,8,5,5,9,4,15,6,80,30,28,26,26,22,25,3,85,45,25,20,21,17,10,0,0,0,0,0,0,0x00,0x01,0x04,0x00,NoRank,NoRank,NoRank,NoRank,NoRank,NoRank,NoRank,NoRank,0x88af6bc,0x880b94d,0x880bd9e,0x880c1ae,0x880c479,0x880c4ba,0x880c4fb,MonsterType
Journeyman (2),0x2d8,0x324,0x7e,0x38,0x2d,0x0,0x74,0x27,20,5,3,4,2,1,8,5,60,20,20,20,20,20,20,3,85,55,40,32,18,20,40,2,0,2,0,2,2,0x00,0x00,0x00,0x00,NoRank,NoRank,DRank,NoRank,NoRank,NoRank,NoRank,NoRank,0x88af6c8,0x880b8cb,0x880bd1c,0x880c12c,0x880c479,0x880c4ba,0x880c4fb,0x0
Pupil (2),0x2d9,0x325,0x7f,0x39,0x2e,0x0,0x7c,0x29,17,2,3,3,3,3,5,5,60,20,20,20,20,20,20,3,55,55,40,35,10,30,40,2,1,1,0,2,2,0x00,0x00,0x00,0x00,NoRank,NoRank,NoRank,NoRank,NoRank,DRank,NoRank,NoRank,0x88af6e0,0x880ba10,0x880be61,0x880c271,0x880c479,0x880c4ba,0x880c4fb,0x0
AlmT1,Alm_T1Name,Alm_T1Desc,128,AlmT2,Alm_T1SMS,0x0,0x7c,0x12,28,10,7,6,6,4,8,5,52,20,20,20,20,20,20,0x3,150,50,50,50,50,50,0,0,0,0,0,0,0,0x0,0x0,0x0,0x0,31,0,0,0,0,0,0,0,Alm_T1_Anim,LordMovCost,0x880be61,0x880c271,0x880c479,0x880c4ba,0x880c4fb,0x0
AlmT2,Alm_T2Name,Alm_T2Desc,129,AlmT1,Alm_T2SMS,0x0,0x7c,0x12,36,16,14,14,10,4,10,6,52,40,40,40,40,40,20,0x3,150,50,50,50,50,50,0,0,0,0,0,0,0,0x0,0x1,0x0,0x0,71,0,0,71,0,0,0,0,Alm_T2_Anim,LordMovCost,0x880be61,0x880c271,0x880c479,0x880c4ba,0x880c4fb,0x0
IkeLord,Ike_LordName,Ike_LordDesc,130,IkeRanger,Ike_LordSMS,0x0,0x7c,0x12,22,6,5,6,8,2,9,7,60,26,27,28,24,22,20,0x3,90,45,40,45,15,20,45,4,3,2,2,3,2,0x0,0x1,0x0,0x0,71,0,0,0,0,0,0,0,Ike_Lord_Anim,LordMovCost,0x880be61,0x880c271,0x880c479,0x880c4ba,0x880c4fb,0x0
IkeRanger,Ike_RangerName,Ike_RangerDesc,131,IkeLord,Ike_RangerSMS,0x0,0x7c,0x12,18,3,3,4,5,0,9,6,40,20,20,20,20,20,20,0x3,90,45,30,45,15,20,40,0,0,0,0,0,0,0x0,0x0,0x0,0x0,31,0,0,0,0,0,0,0,Ike_Ranger_Anim,LordMovCost,0x880be61,0x880c271,0x880c479,0x880c4ba,0x880c4fb,0x0
LeifLord,Leif_LordName,Leif_LordDesc,132,Prince,Leif_LordSMS,0x0,0x7c,0x12,18,4,2,3,2,0,5,6,60,26,27,28,24,22,20,0x3,70,35,35,40,25,10,40,0,0,0,0,0,0,0x0,0x0,0x0,0x0,1,0,0,0,0,0,0,0,Leif_Lord_Anim,LordMovCost,0x880be61,0x880c271,0x880c479,0x880c4ba,0x880c4fb,0x0
MarthLord,Marth_SlashName,Marth_SlashDesc,133,SeliphLord,Marth_SlashSMS,0x0,0x7c,0x12,18,4,3,6,6,0,5,7,56,26,27,28,24,22,20,0x3,60,27,30,30,22,5,0,0,0,0,0,0,0,0x0,0x0,0x0,0x0,1,0,0,0,0,0,0,0,Marth_Slash_Anim,LordMovCost,0x880be61,0x880c271,0x880c479,0x880c4ba,0x880c4fb,0x0
SeliphLord,SeliphName,SeliphDesc,134,MarthLord,SeliphSMS,0x0,0x7c,0x12,40,10,7,7,7,3,5,8,60,26,27,28,24,22,20,0x3,100,30,30,30,30,10,0,0,5,2,2,2,3,0x3,0x5,0x0,0x0,31,71,0,0,0,0,0,0,Seliph_Anim,CavMovCost,0x880be61,0x880c271,0x880c479,0x880c4ba,0x880c4fb,0x0
Lancer,T1_LancerName,T1_LancerDesc,135,Paladin_F,T1_LancerSMS,0x0,0x7c,0x12,17,5,5,5,5,2,5,5,60,20,20,20,20,20,20,0x3,70,50,45,45,50,35,25,0,0,0,0,0,0,0x0,0x0,0x0,0x0,1,1,0,0,0,0,0,0,T1_Lancer_Anim,DefaultMovCost,0x880be61,0x880c271,0x880c479,0x880c4ba,0x880c4fb,0x0
Trueblade,TruebladeName,TruebladeDesc,136,Swordmaster,TruebladeSMS,0x0,0x7c,0x12,49,19,23,21,16,6,11,7,55,32,40,40,26,24,20,0x3,55,50,60,60,40,50,15,4,2,2,2,2,4,0x40,0x1,0x2,0x0,181,0,0,0,0,0,0,0,Trueblade_Anim,LordMovCost,0x880be61,0x880c271,0x880c479,0x880c4ba,0x880c4fb,0x0
Fencer,Katarina_FencerName,Katarina_FencerDesc,137,BladeLord,Katarina_FencerSMS,0x0,0x7c,0x12,28,4,4,4,2,3,6,6,60,20,20,20,20,20,20,0x3,100,10,70,85,40,15,70,0,0,0,0,0,0,0x0,0x0,0x0,0x0,31,0,0,0,0,0,0,0,Katarina_Fencer_Anim,LordMovCost,0x880be61,0x880c271,0x880c479,0x880c4ba,0x880c4fb,0x0
Dragoon,DragoonName,DragoonDesc,138,Militia,DragoonSMS,0x0,0x7c,0x12,26,7,10,7,6,2,11,6,60,28,30,29,26,25,20,0x3,75,30,36,25,30,30,35,4,3,2,2,2,2,0x0,0x1,0x0,0x0,0,181,0,0,0,0,0,0,Dragoon_Anim,DefaultMovCost,0x880be61,0x880c271,0x880c479,0x880c4ba,0x880c4fb,0x0
Lancer2,Lancer_by_SALVAGEDName,Lancer_by_SALVAGEDDesc,139,Warbird,Lancer_by_SALVAGEDSMS,0x0,0x7c,0x12,20,6,7,6,4,2,5,5,60,20,20,20,20,20,20,0x3,70,50,55,45,45,40,25,0,0,0,0,0,0,0x0,0x0,0x0,0x0,0,1,0,0,0,0,0,0,Lancer_by_SALVAGED_Anim,DefaultMovCost,0x880be61,0x880c271,0x880c479,0x880c4ba,0x880c4fb,0x0
Militia,MilitiaName,MilitiaDesc,140,Dragoon,MilitiaSMS,0x0,0x7c,0x12,36,7,3,3,3,2,8,5,60,20,20,20,20,20,20,0x3,80,40,40,40,40,0,0,0,0,0,0,0,0,0x0,0x0,0x0,0x0,0,1,0,0,0,0,0,0,Militia_Anim,FighterMovCost,0x880be61,0x880c271,0x880c479,0x880c4ba,0x880c4fb,0x0
Halberdier,HalberdierName,HalberdierDesc,141,Sentinel,HalberdierSMS,0x0,0x7c,0x12,27,10,11,10,9,5,9,6,60,25,28,26,28,25,20,0x3,75,45,45,40,45,40,25,4,2,2,2,2,2,0x0,0x1,0x0,0x0,0,71,1,0,0,0,0,0,Halberdier_Anim,DefaultMovCost,0x880be61,0x880c271,0x880c479,0x880c4ba,0x880c4fb,0x0
Marauder,Mounted_MarauderName,Mounted_MarauderDesc,142,Brigand,Mounted_MarauderSMS,0x0,0x7c,0x12,30,10,3,11,4,3,14,8,60,28,25,30,24,21,20,0x3,80,40,35,40,15,5,20,4,2,2,2,2,0,0x3,0x1,0x0,0x0,0,0,1,0,0,0,0,0,Mounted_Marauder_Anim,CavMovCost,0x880be61,0x880c271,0x880c479,0x880c4ba,0x880c4fb,0x0
Sentinel,SentinelName,SentinelDesc,143,Halberdier,SentinelSMS,0x0,0x7c,0x12,53,21,21,17,21,8,12,7,60,35,35,33,34,27,20,0x3,75,45,45,40,45,40,25,4,2,2,2,2,4,0x40,0x1,0x0,0x0,1,181,1,0,0,0,0,0,Sentinel_Anim,DefaultMovCost,0x880be61,0x880c271,0x880c479,0x880c4ba,0x880c4fb,0x0
Warbird,WarbirdName,WarbirdDesc,144,Knight_F,WarbirdSMS,0x0,0x7c,0x12,20,9,15,12,8,4,11,7,60,28,36,30,27,25,20,0x3,40,40,60,50,35,30,45,4,2,3,3,2,2,0x80,0x1,0x0,0x0,0,31,0,1,0,0,0,0,Warbird_Anim,FlierMovCost,0x880be61,0x880c271,0x880c479,0x880c4ba,0x880c4fb,0x0
SupplierAnna,Supplier_AnnaName,Supplier_AnnaDesc,145,Baron,Supplier_AnnaSMS,0x0,0x7c,0x12,18,3,2,2,4,1,6,5,60,20,20,20,20,20,20,0x3,95,30,20,30,40,20,25,0,0,0,0,0,0,0x0,0x0,0x0,0x0,0,1,0,1,1,0,0,0,Supplier_Anna_Anim,DefaultMovCost,0x880be61,0x880c271,0x880c479,0x880c4ba,0x880c4fb,0x0
Baron,BaronName,BaronDesc,146,Knight,BaronSMS,0x0,0x7c,0x12,38,16,6,4,15,7,10,5,60,31,30,30,31,34,20,0x3,111,45,45,40,41,3,0,4,2,2,2,2,2,0x0,0x1,0x0,0x0,1,31,1,1,1,1,0,0,Baron_Anim,KnightMovCost,0x880be61,0x880c271,0x880c479,0x880c4ba,0x880c4fb,0x0
Brighid,BrighidName,BrighidDesc,147,Marauder,BrighidSMS,0x0,0x7c,0x12,20,5,3,3,4,1,8,5,60,20,20,20,20,20,20,0x3,50,20,30,20,20,5,10,0,0,0,0,0,0,0x0,0x0,0x0,0x0,0,0,1,0,0,0,0,0,Brighid_Anim,LordMovCost,0x880be61,0x880c271,0x880c479,0x880c4ba,0x880c4fb,0x0
FlailKnight,Flail_KnightName,Flail_KnightDesc,148,HeavyInfantry,Flail_KnightSMS,0x0,0x7c,0x12,24,9,1,2,5,1,9,5,60,20,20,20,20,20,20,0x3,50,40,20,30,40,20,40,0,0,0,0,0,0,0x0,0x0,0x0,0x0,0,0,1,0,0,0,0,0,Flail_Knight_Anim,DefaultMovCost,0x880be61,0x880c271,0x880c479,0x880c4ba,0x880c4fb,0x0
Gladiator,GladiatorName,GladiatorDesc,149,Harbinger,GladiatorSMS,0x0,0x7c,0x12,22,8,4,5,6,0,10,5,60,20,20,20,20,20,20,0x3,40,40,30,20,30,20,40,0,0,0,0,0,0,0x0,0x0,0x0,0x0,1,0,1,0,0,0,0,0,Gladiator_Anim,LordMovCost,0x880be61,0x880c271,0x880c479,0x880c4ba,0x880c4fb,0x0
Harbinger,HarbingerName,HarbingerDesc,150,Gladiator,HarbingerSMS,0x0,0x7c,0x12,45,10,10,3,9,5,15,5,60,35,35,25,35,35,20,0x3,90,45,55,35,40,30,0,4,2,2,3,2,3,0x0,0x1,0x0,0x0,1,1,1,0,0,1,0,DRank ,Harbinger_Anim,KnightMovCost,0x880be61,0x880c271,0x880c479,0x880c4ba,0x880c4fb,0x0
HeavyInfantry,Heavy_InfantryName,Heavy_InfantryDesc,151,FlailKnight,Heavy_InfantrySMS,0x0,0x7c,0x12,38,11,2,2,13,4,13,5,60,30,26,23,30,28,20,0x3,50,40,20,30,40,20,40,3,2,2,3,3,2,0x0,0x1,0x0,0x0,1,1,1,0,0,0,0,0,Heavy_Infantry_Anim,KnightMovCost,0x880be61,0x880c271,0x880c479,0x880c4ba,0x880c4fb,0x0
LegionKing,Legion_KingName,Legion_KingDesc,152,Knight,Legion_KingSMS,0x0,0x7c,0x12,46,26,8,6,22,8,16,6,60,40,40,40,40,40,20,0x3,40,50,30,35,30,20,55,0,5,0,0,5,0,0x0,0x1,0x0,0x0,1,1,1,0,0,1,0,0,Legion_King_Anim,KnightMovCost,0x880be61,0x880c271,0x880c479,0x880c4ba,0x880c4fb,0x0
Mercenary2,Mercenary_by_SALVAGEDName,Mercenary_by_SALVAGEDDesc,153,Hero,Mercenary_by_SALVAGEDSMS,0x0,0x7c,0x12,24,6,7,8,5,1,8,6,60,20,20,20,20,20,20,0x3,90,30,30,30,20,3,20,0,3,2,2,3,1,0x0,0x0,0x0,0x0,31,0,1,0,0,0,0,0,Mercenary_by_SALVAGED_Anim,DefaultMovCost,0x880be61,0x880c271,0x880c479,0x880c4ba,0x880c4fb,0x0
Phantom,Phantom_by_TBAName,Phantom_by_TBADesc,154,Harbinger,Phantom_by_TBASMS,0x0,0x7c,0x12,1,5,2,4,0,0,11,5,60,20,20,20,20,20,20,0x3,0,55,35,45,15,15,50,0,0,0,0,0,0,0x0,0x0,0x0,0x0,0,0,71,0,0,0,0,0,Phantom_by_TBA_Anim,FlierMovCost,0x880be61,0x880c271,0x880c479,0x880c4ba,0x880c4fb,0x0
WarCleric,War_ClericName,War_ClericDesc,155,Cleric,War_ClericSMS,0x0,0x7c,0x12,28,11,7,8,10,8,10,6,60,40,38,41,38,43,20,0x3,90,40,30,45,30,40,45,3,4,4,3,1,5,0x0,0x1,0x0,0x0,0,0,1,0,31,0,0,0,War_Cleric_Anim,MageMovCost,0x880be61,0x880c271,0x880c479,0x880c4ba,0x880c4fb,0x0
Adventurer,AdventurerName,AdventurerDesc,156,Archer,AdventurerSMS,0x0,0x7c,0x12,17,6,6,10,3,8,7,6,50,31,27,34,25,34,20,0x3,75,55,35,60,30,65,20,1,5,2,2,1,4,0x80,0x1,0x0,0x0,0,0,0,1,1,0,0,0,Adventurer_Anim,ThiefMovCost,0x880be61,0x880c271,0x880c479,0x880c4ba,0x880c4fb,0x0
Fletchling,FletchlingName,FletchlingDesc,157,Archer,FletchlingSMS,0x0,0x7c,0x12,16,4,3,4,1,0,4,5,60,20,20,20,20,20,20,0x1,55,55,40,35,30,10,40,0,0,0,0,0,0,0x0,0x0,0x0,0x0,0,0,0,1,0,0,0,0,Fletchling_Anim,MageMovCost,0x880be61,0x880c271,0x880c479,0x880c4ba,0x880c4fb,0x0
Hunter,HunterName,HunterDesc,158,NomadTrooper,HunterSMS,0x0,0x7c,0x12,21,5,2,5,3,0,8,6,60,20,20,20,20,20,20,0x3,60,10,30,30,10,5,0,0,0,0,0,0,0,0x80,0x0,0x0,0x0,0,0,0,1,0,0,0,0,Hunter_Anim,FighterMovCost,0x880be61,0x880c271,0x880c479,0x880c4ba,0x880c4fb,0x0
MerlinusTransport,Merlinus_TransportName,Merlinus_TransportDesc,159,TransporterHorse,Merlinus_TransportSMS,0x0,0x7c,0x12,15,0,3,3,3,0,25,5,60,20,20,20,20,20,25,0x1,10,0,0,0,0,10,0,0,0,0,0,0,0,0x3,0x5,0x0,0x0,1,0,0,1,1,0,0,0,Merlinus_Transport_Anim,TransporterMovCost,0x880be61,0x880c271,0x880c479,0x880c4ba,0x880c4fb,0x0
Miko,MikoName,MikoDesc,160,Cleric,MikoSMS,0x0,0x7c,0x12,19,7,6,9,5,8,6,6,50,32,30,33,26,34,20,0x3,80,55,50,55,35,65,35,3,6,1,4,3,3,0x0,0x1,0x0,0x0,0,1,0,1,1,0,0,0,Miko_Anim,MageMovCost,0x880be61,0x880c271,0x880c479,0x880c4ba,0x880c4fb,0x0
SkeletonRider,Skeleton_RiderName,Skeleton_RiderDesc,161,SkeletonRider,Skeleton_RiderSMS,0x0,0x7c,0x12,24,8,3,6,5,2,7,6,60,24,27,25,22,21,20,0x3,107,48,40,37,30,10,10,0,0,0,0,0,0,0x1,0x0,0x0,0x0,0,0,0,71,0,0,0,CRank ,Skeleton_Rider_Anim,FlierMovCost,0x880be61,0x880c271,0x880c479,0x880c4ba,0x880c4fb,0x0
Angel,AngelName,AngelDesc,162,Parson,AngelSMS,0x0,0x7c,0x12,30,10,10,5,4,10,7,6,60,40,35,32,30,40,20,0x3,55,55,40,35,20,45,60,3,3,3,3,3,3,0x0,0x1,0x0,0x0,0,0,0,0,71,0,71,0,Angel_Anim,FlierMovCost,0x880be61,0x880c271,0x880c479,0x880c4ba,0x880c4fb,0x0
Arcanist,Arcanist_by_Devisian_NightsName,Arcanist_by_Devisian_NightsDesc,163,Arcanist2,Arcanist_U_Unfinished_Norikinsstand,0x0,0x7c,0x12,28,8,3,4,5,8,7,5,52,20,20,20,20,20,20,0x3,20,40,40,15,5,15,5,0,0,0,0,0,0,0x0,0x0,0x0,0x0,0,0,0,0,0,0,0,DRank ,Arcanist_by_Devisian_Nights_Anim,MageMovCost,0x880be61,0x880c271,0x880c479,0x880c4ba,0x880c4fb,0x0
Arcanist2,Arcanist_by_NuramonName,Arcanist_by_NuramonDesc,164,Arcanist,Arcanist_by_NuramonSMS,0x0,0x7c,0x12,30,12,8,7,6,9,8,6,52,40,40,40,40,40,20,0x3,25,45,45,15,5,10,5,2,4,5,3,1,1,0x0,0x1,0x0,0x0,0,0,0,0,1,0,0,CRank ,Arcanist_by_Nuramon_Anim,MageMovCost,0x880be61,0x880c271,0x880c479,0x880c4ba,0x880c4fb,0x0
Cantor,Cantor_JedahName,Cantor_JedahDesc,165,Cantor2,Cantor_JedahSMS,0x0,0x7c,0x12,32,12,8,7,6,9,7,5,52,20,20,20,20,20,20,0x3,30,45,20,15,5,35,10,4,4,3,1,1,1,0x0,0x1,0x0,0x0,0,0,0,0,181,0,0,181,Cantor_Jedah_Anim,MageMovCost,0x880be61,0x880c271,0x880c479,0x880c4ba,0x880c4fb,0x0
Cantor2,Cantor_byName,Cantor_byDesc,166,Cantor,Cantor_bySMS,0x0,0x7c,0x12,32,12,8,7,6,9,8,5,52,40,40,40,40,40,20,0x3,25,45,40,10,5,30,5,4,4,3,1,1,1,0x0,0x1,0x0,0x0,0,0,0,0,1,0,0,CRank ,Cantor_by_Anim,MageMovCost,0x880be61,0x880c271,0x880c479,0x880c4ba,0x880c4fb,0x0
DarkPrince,Dark_PrinceName,Dark_PrinceDesc,167,Mage,Dark_PrinceSMS,0x0,0x7c,0x12,30,15,12,12,10,15,5,6,60,30,27,27,25,30,20,0x3,45,55,30,25,10,35,20,4,5,6,6,9,10,0x0,0x1,0x0,0x0,0,0,0,0,0,181,0,181,Dark_Prince_Anim,MageMovCost,0x880be61,0x880c271,0x880c479,0x880c4ba,0x880c4fb,0x0
DreadFighter,Dread_FighterName,Dread_FighterDesc,168,Myrmidon,Dread_FighterSMS,0x0,0x7c,0x12,29,12,11,13,9,10,9,6,60,38,36,39,36,39,20,0x3,80,40,40,40,25,25,40,0,3,3,0,1,7,0x0,0x1,0x0,0x0,31,0,0,0,0,1,0,0,Dread_Fighter_Anim,LordMovCost,0x880be61,0x880c271,0x880c479,0x880c4ba,0x880c4fb,0x0
Executioner,ExecutionerName,ExecutionerDesc,169,Shaman,ExecutionerSMS,0x0,0x7c,0x12,19,10,15,9,5,7,8,6,60,25,30,28,21,23,20,0x3,40,45,60,50,25,30,20,4,2,4,1,0,2,0x0,0x1,0x0,0x0,31,0,0,0,0,0,0,DRank ,Executioner_Anim,ThiefMovCost,0x880be61,0x880c271,0x880c479,0x880c4ba,0x880c4fb,0x0
Dancer2,FE8_TethysName,FE8_TethysDesc,170,Dancer,FE8_TethysSMS,0x0,0x7c,0x12,16,1,2,3,3,3,6,5,60,20,20,20,20,20,20,0x3,55,55,40,35,5,30,20,0,0,0,0,0,0,0x10,0x0,0x0,0x0,1,0,0,0,0,0,0,0,FE8_Tethys_Anim,DefaultMovCost,0x880be61,0x880c271,0x880c479,0x880c4ba,0x880c4fb,0x0
GaidenPriestess,Gaiden_PriestessName,Gaiden_PriestessDesc,171,Mage_F,Gaiden_PriestessSMS,0x0,0x7c,0x12,34,8,4,5,3,3,5,6,52,40,40,40,40,40,20,0x3,110,50,50,50,43,8,0,6,0,1,2,1,0,0x0,0x1,0x0,0x0,31,0,0,0,31,71,31,0,Gaiden_Priestess_Anim,MageMovCost,0x880be61,0x880c271,0x880c479,0x880c4ba,0x880c4fb,0x0
MagicSeal2,KishunaName,KishunaDesc,172,MagicSeal,KishunaSMS,0x0,0x7c,0x12,50,0,0,24,13,30,7,6,60,28,30,25,20,30,20,0x3,45,45,30,25,10,35,15,0,0,0,0,0,0,0x0,0x0,0x0,0x0,0,0,0,0,0,0,1,0,Kishuna_Anim,MageMovCost,0x880be61,0x880c271,0x880c479,0x880c4ba,0x880c4fb,0x0
Magician,MagicianName,MagicianDesc,173,RedMage,MagicianSMS,0x0,0x7c,0x12,24,7,3,3,3,3,6,5,60,20,20,20,20,20,20,0x3,60,40,30,40,50,20,50,0,0,0,0,0,0,0x0,0x0,0x0,0x0,0,0,0,0,0,1,0,0,Magician_Anim,MageMovCost,0x880be61,0x880c271,0x880c479,0x880c4ba,0x880c4fb,0x0
Occultist,OccultistName,OccultistDesc,174,DarkPrince,OccultistSMS,0x0,0x7c,0x12,28,9,2,2,3,3,5,5,60,20,20,20,20,20,20,0x3,60,40,30,40,20,50,50,0,0,0,0,0,0,0x0,0x0,0x0,0x0,0,0,0,0,0,1,0,DRank ,Occultist_Anim,MageMovCost,0x880be61,0x880c271,0x880c479,0x880c4ba,0x880c4fb,0x0
Parson,ParsonName,ParsonDesc,175,Bishop,ParsonSMS,0x0,0x7c,0x12,16,6,3,2,1,6,5,5,60,20,20,20,20,20,20,0x3,30,20,10,10,5,20,10,0,3,1,1,1,3,0x0,0x0,0x0,0x0,0,0,0,0,31,0,1,0,Parson_Anim,MageMovCost,0x880be61,0x880c271,0x880c479,0x880c4ba,0x880c4fb,0x0
Pupil2,PupilReskinName,PupilReskinDesc,176,Mage_F,PupilReskinSMS,0x0,0x7c,0x12,13,1,0,2,0,4,3,4,60,20,20,20,20,20,20,0x3,55,55,40,35,10,30,40,0,0,0,0,0,0,0x0,0x0,0x0,0x0,0,0,0,0,0,1,0,0,PupilReskin_Anim,MageMovCost,0x880be61,0x880c271,0x880c479,0x880c4ba,0x880c4fb,0x0
RedMage,Red_Mage_by_ReykName,Red_Mage_by_ReykDesc,177,Magician,Red_Mage_by_ReykSMS,0x0,0x7c,0x12,23,6,5,7,5,6,7,6,60,27,24,25,25,25,20,0x3,68,55,40,35,36,38,50,5,4,3,3,2,3,0x0,0x1,0x0,0x0,1,0,0,0,1,1,0,0,Red_Mage_by_Reyk_Anim,MageMovCost,0x880be61,0x880c271,0x880c479,0x880c4ba,0x880c4fb,0x0
RedMage2,Red_mage_by_MycahelName,Red_mage_by_MycahelDesc,178,Tactician2,Red_mage_by_MycahelSMS,0x0,0x7c,0x12,25,8,2,6,5,8,7,6,60,26,25,25,20,30,20,0x3,55,55,40,35,5,30,20,0,0,0,0,0,0,0x0,0x1,0x0,0x0,1,0,0,0,1,1,0,0,Red_mage_by_Mycahel_Anim,MageMovCost,0x880be61,0x880c271,0x880c479,0x880c4ba,0x880c4fb,0x0
Tactician2,TacticianName,TacticianDesc,179,RedMage2,TacticianSMS,0x0,0x7c,0x12,10,1,1,1,1,1,6,5,60,20,20,20,20,20,30,0x3,90,50,50,50,50,50,50,0,0,0,0,0,0,0x0,0x0,0x0,0x0,0,0,0,0,0,1,0,0,Tactician_Anim,MageMovCost,0x880be61,0x880c271,0x880c479,0x880c4ba,0x880c4fb,0x0
Tome,TomesName,TomesDesc,180,Djinn,TomesSMS,0x0,0x7c,0x12,20,0,0,0,2,8,1,5,60,20,20,20,20,20,20,0x3,80,55,40,40,40,50,0,0,0,0,0,0,0,0x0,0x0,0x0,0x0,0,0,0,0,0,1,1,DRank ,Tomes_Anim,MageMovCost,0x880be61,0x880c271,0x880c479,0x880c4ba,0x880c4fb,0x0
Witch,WitchName,WitchDesc,181,Mage_F,WitchSMS,0x0,0x7c,0x12,19,10,8,8,4,9,6,6,51,36,33,37,33,34,20,0x3,80,50,25,30,30,0,0,1,4,2,6,1,0,0x0,0x1,0x0,0x0,0,0,0,0,1,1,1,DRank ,Witch_Anim,MageMovCost,0x880be61,0x880c271,0x880c479,0x880c4ba,0x880c4fb,0x0
Cleric2,EgyptianName,EgyptianDesc,182,GaidenPriestess,EgyptianSMS,0x0,0x7c,0x12,16,5,2,4,1,7,5,5,60,20,20,20,20,20,20,0x3,40,35,30,40,25,50,55,0,0,0,0,0,0,0x0,0x0,0x0,0x0,0,0,0,0,31,0,0,0,Egyptian_Anim,MageMovCost,0x880be61,0x880c271,0x880c479,0x880c4ba,0x880c4fb,0x0
Bard2,Elffin_FancyName,Elffin_FancyDesc,183,Bard,Elffin_FancySMS,0x0,0x7c,0x12,18,4,3,7,1,2,4,5,60,21,20,24,20,22,20,0x3,63,33,30,50,3,15,46,0,0,0,0,0,0,0x20,0x0,0x0,0x0,0,0,0,0,0,0,1,0,Elffin_Fancy_Anim,DefaultMovCost,0x880be61,0x880c271,0x880c479,0x880c4ba,0x880c4fb,0x0
Chicken,ChickenName,ChickenDesc,184,Chicken,ChickenSMS,0x0,0x7c,0x12,6,2,3,2,1,1,2,3,60,10,10,10,10,10,20,0x3,60,25,50,40,5,5,43,0,0,0,0,0,0,0x0,0x0,UseMonsterWeapons,0x0,1,0,0,0,0,0,0,0,Chicken_Anim,TransporterMovCost,0x880be61,0x880c271,0x880c479,0x880c4ba,0x880c4fb,0x0
Mosquito,MosquitoName,MosquitoDesc,185,Mosquito,MosquitoSMS,0x0,0x7c,0x12,1,7,2,8,0,0,1,5,60,20,30,30,20,20,20,0x3,60,25,50,80,5,5,36,0,0,0,0,0,0,0x0,0x0,UseMonsterWeapons,0x0,1,0,0,0,0,0,0,0,Mosquito_Anim,FlierMovCost,0x880be61,0x880c271,0x880c479,0x880c4ba,0x880c4fb,0x0
Sandworm,SandwormName,SandwormDesc,186,Sandworm,SandwormSMS,0x0,0x7c,0x12,24,8,2,3,9,8,16,6,60,30,29,28,23,21,20,0x3,70,56,45,35,40,35,28,0,0,0,0,0,0,0x0,0x0,UseMonsterWeapons,0x0,1,0,0,0,0,0,0,0,Sandworm_Anim,FlierMovCost,0x880be61,0x880c271,0x880c479,0x880c4ba,0x880c4fb,0x0
Slime,SlimeName,SlimeDesc,187,MagicSeal2,SlimeSMS,0x0,0x7c,0x12,10,3,5,4,1,0,5,5,60,25,26,24,22,30,20,0x3,70,45,46,42,41,40,34,0,0,0,0,0,0,0x0,0x0,0x0,0x0,0,0,0,0,0,0,1,0,Slime_Anim,MageMovCost,0x880be61,0x880c271,0x880c479,0x880c4ba,0x880c4fb,0x0
CursedSword,Cursed_SwordName,Cursed_SwordDesc,188,CursedSword,Cursed_SwordSMS,0x0,0x7c,0x12,20,0,0,0,6,4,1,6,60,25,30,26,25,22,20,0x3,80,55,40,40,45,45,0,0,0,0,0,0,0,0x0,0x0,0x0,0x0,1,0,0,0,0,0,0,0,Cursed_Sword_Anim,MageMovCost,0x880be61,0x880c271,0x880c479,0x880c4ba,0x880c4fb,0x0
Fellbeast,FellbeastName,FellbeastDesc,189,WyvernKnight,FellbeastSMS,0x0,0x7c,0x12,28,8,9,5,6,1,16,8,60,28,30,25,26,23,20,0x3,40,55,45,40,35,30,15,0,0,0,0,0,0,0x0,0x9,UseMonsterWeapons,0x0,1,0,0,0,0,0,0,0,Fellbeast_Anim,FlierMovCost,0x880be61,0x880c271,0x880c479,0x880c4ba,0x880c4fb,0x0
BlackDragon,BlackDragonName,BlackDragonDesc,190,WyvernKnight,BlackDragonSMS,0x0,0x7c,0x12,55,30,16,20,30,30,17,6,60,46,36,32,46,38,20,0x3,95,45,20,35,25,40,60,0,0,0,0,0,0,0x0,0x9,0x0,0x0,0,0,0,0,0,1,1,DRank ,Black_Dragon_Anim,FlierMovCost,0x880be61,0x880c271,0x880c479,0x880c4ba,0x880c4fb,0x0
GrandMahout,GrandMahoutName,GrandMahoutDesc,191,Soldier,GrandMahoutSMS,0x0,0x7c,0x12,30,13,5,4,12,4,7,6,60,30,27,22,29,26,20,0x3,60,50,45,40,45,45,35,0,0,0,0,0,0,0x3,0x1,0x0,0x0,0,31,0,1,0,0,0,0,Grand_Mahout_Anim,CavMovCost,0x880be61,0x880c271,0x880c479,0x880c4ba,0x880c4fb,0x0
Djinn,DjinnName,DjinnDesc,192,Tome,DjinnSMS,0x0,0x7c,0x12,24,8,9,5,5,10,12,6,60,28,27,25,23,30,20,0x3,33,33,33,33,33,33,33,0,0,0,0,0,0,0x0,0x1,0x0,0x0,31,0,0,0,0,0,31,DRank ,Djinn_Anim,FlierMovCost,0x880be61,0x880c271,0x880c479,0x880c4ba,0x880c4fb,0x0
LivingArmor,LivingArmorName,LivingArmorDesc,193,Harbinger,LivingArmorSMS,0x0,0x7c,0x12,22,8,5,3,11,5,10,5,60,29,27,24,30,25,20,0x3,70,50,45,20,40,30,30,0,0,0,0,0,0,0x0,0x0,0x0,0x0,31,0,1,0,0,0,0,0,Living_Armor_Anim,KnightMovCost,0x880be61,0x880c271,0x880c479,0x880c4ba,0x880c4fb,0x0
Boxer,BoxerName,BoxerDesc,194,Enchanter,BoxerSMS,0x0,0x7c,0x12,28,9,7,8,6,1,10,5,60,20,20,20,20,20,20,0x3,30,15,10,20,10,0,0,0,0,0,0,0,0,0x0,0x0,0x0,0x0,1,0,0,0,0,0,0,0,Brawler_Anim,ThiefMovCost,0x880be61,0x880c271,0x880c479,0x880c4ba,0x880c4fb,0x0
Enchanter,EnchanterName,EnchanterDesc,195,Boxer,EnchanterSMS,0x0,0x7c,0x12,20,5,5,5,5,5,5,6,53,25,43,39,20,22,11,0x3,5,15,15,10,5,5,15,2,2,0,0,2,0,0x0,0x1,0x0,0x0,121,0,0,0,0,0,0,0,Enchanter_Anim,ThiefMovCost,0x880be61,0x880c271,0x880c479,0x880c4ba,0x880c4fb,0x0
Ninja,NinjaName,NinjaDesc,196,Assassin,NinjaSMS,0,0xc8,0x18,16,3,8,8,3,3,6,6,60,20,20,20,20,20,20,0x2,50,35,55,55,15,35,15,0,0,0,0,0,0,0xc,0x0,0x2,0x0,1,0,0,0,0,0,0,0,Ninja_Anim,ThiefMovCost,0x8be3ea0,0x8be42b0,0x8be44f9,0x8be453a,0x8be457b,0x0
Mage,0,0x31d,197,0x27,0x1e,0x0,0x7c,0x12,16,1,2,3,3,3,6,5,60,20,20,20,20,20,20,3,55,55,40,35,5,30,20,1,0,1,2,1,2,0x0,0x0,0x0,0x0,NoRank,NoRank,NoRank,NoRank,NoRank,DRank,NoRank,NoRank,0x88af220,0x880ba10,0x880be61,0x880c271,0x880c479,0x880c4ba,0x880c4fb,0x0
Mage,0,0x31d,198,0x27,0x1e,0x0,0x7c,0x12,16,1,2,3,3,3,6,5,60,20,20,20,20,20,20,3,55,55,40,35,5,30,20,1,0,1,2,1,2,0x0,0x0,0x0,0x0,NoRank,NoRank,NoRank,NoRank,NoRank,DRank,NoRank,NoRank,0x88af220,0x880ba10,0x880be61,0x880c271,0x880c479,0x880c4ba,0x880c4fb,0x0
Mage,0,0x31d,199,0x27,0x1e,0x0,0x7c,0x12,16,1,2,3,3,3,6,5,60,20,20,20,20,20,20,3,55,55,40,35,5,30,20,1,0,1,2,1,2,0x0,0x0,0x0,0x0,NoRank,NoRank,NoRank,NoRank,NoRank,DRank,NoRank,NoRank,0x88af220,0x880ba10,0x880be61,0x880c271,0x880c479,0x880c4ba,0x880c4fb,0x0
Mage,0,0x31d,200,0x27,0x1e,0x0,0x7c,0x12,16,1,2,3,3,3,6,5,60,20,20,20,20,20,20,3,55,55,40,35,5,30,20,1,0,1,2,1,2,0x0,0x0,0x0,0x0,NoRank,NoRank,NoRank,NoRank,NoRank,DRank,NoRank,NoRank,0x88af220,0x880ba10,0x880be61,0x880c271,0x880c479,0x880c4ba,0x880c4fb,0x0
Mage,0,0x31d,201,0x27,0x1e,0x0,0x7c,0x12,16,1,2,3,3,3,6,5,60,20,20,20,20,20,20,3,55,55,40,35,5,30,20,1,0,1,2,1,2,0x0,0x0,0x0,0x0,NoRank,NoRank,NoRank,NoRank,NoRank,DRank,NoRank,NoRank,0x88af220,0x880ba10,0x880be61,0x880c271,0x880c479,0x880c4ba,0x880c4fb,0x0
Mage,0,0x31d,202,0x27,0x1e,0x0,0x7c,0x12,16,1,2,3,3,3,6,5,60,20,20,20,20,20,20,3,55,55,40,35,5,30,20,1,0,1,2,1,2,0x0,0x0,0x0,0x0,NoRank,NoRank,NoRank,NoRank,NoRank,DRank,NoRank,NoRank,0x88af220,0x880ba10,0x880be61,0x880c271,0x880c479,0x880c4ba,0x880c4fb,0x0
Mage,0,0x31d,203,0x27,0x1e,0x0,0x7c,0x12,16,1,2,3,3,3,6,5,60,20,20,20,20,20,20,3,55,55,40,35,5,30,20,1,0,1,2,1,2,0x0,0x0,0x0,0x0,NoRank,NoRank,NoRank,NoRank,NoRank,DRank,NoRank,NoRank,0x88af220,0x880ba10,0x880be61,0x880c271,0x880c479,0x880c4ba,0x880c4fb,0x0
Mage,0,0x31d,204,0x27,0x1e,0x0,0x7c,0x12,16,1,2,3,3,3,6,5,60,20,20,20,20,20,20,3,55,55,40,35,5,30,20,1,0,1,2,1,2,0x0,0x0,0x0,0x0,NoRank,NoRank,NoRank,NoRank,NoRank,DRank,NoRank,NoRank,0x88af220,0x880ba10,0x880be61,0x880c271,0x880c479,0x880c4ba,0x880c4fb,0x0
Mage,0,0x31d,205,0x27,0x1e,0x0,0x7c,0x12,16,1,2,3,3,3,6,5,60,20,20,20,20,20,20,3,55,55,40,35,5,30,20,1,0,1,2,1,2,0x0,0x0,0x0,0x0,NoRank,NoRank,NoRank,NoRank,NoRank,DRank,NoRank,NoRank,0x88af220,0x880ba10,0x880be61,0x880c271,0x880c479,0x880c4ba,0x880c4fb,0x0
Mage,0,0x31d,206,0x27,0x1e,0x0,0x7c,0x12,16,1,2,3,3,3,6,5,60,20,20,20,20,20,20,3,55,55,40,35,5,30,20,1,0,1,2,1,2,0x0,0x0,0x0,0x0,NoRank,NoRank,NoRank,NoRank,NoRank,DRank,NoRank,NoRank,0x88af220,0x880ba10,0x880be61,0x880c271,0x880c479,0x880c4ba,0x880c4fb,0x0
Mage,0,0x31d,207,0x27,0x1e,0x0,0x7c,0x12,16,1,2,3,3,3,6,5,60,20,20,20,20,20,20,3,55,55,40,35,5,30,20,1,0,1,2,1,2,0x0,0x0,0x0,0x0,NoRank,NoRank,NoRank,NoRank,NoRank,DRank,NoRank,NoRank,0x88af220,0x880ba10,0x880be61,0x880c271,0x880c479,0x880c4ba,0x880c4fb,0x0
Mage,0,0x31d,208,0x27,0x1e,0x0,0x7c,0x12,16,1,2,3,3,3,6,5,60,20,20,20,20,20,20,3,55,55,40,35,5,30,20,1,0,1,2,1,2,0x0,0x0,0x0,0x0,NoRank,NoRank,NoRank,NoRank,NoRank,DRank,NoRank,NoRank,0x88af220,0x880ba10,0x880be61,0x880c271,0x880c479,0x880c4ba,0x880c4fb,0x0
Mage,0,0x31d,209,0x27,0x1e,0x0,0x7c,0x12,16,1,2,3,3,3,6,5,60,20,20,20,20,20,20,3,55,55,40,35,5,30,20,1,0,1,2,1,2,0x0,0x0,0x0,0x0,NoRank,NoRank,NoRank,NoRank,NoRank,DRank,NoRank,NoRank,0x88af220,0x880ba10,0x880be61,0x880c271,0x880c479,0x880c4ba,0x880c4fb,0x0
Mage,0,0x31d,210,0x27,0x1e,0x0,0x7c,0x12,16,1,2,3,3,3,6,5,60,20,20,20,20,20,20,3,55,55,40,35,5,30,20,1,0,1,2,1,2,0x0,0x0,0x0,0x0,NoRank,NoRank,NoRank,NoRank,NoRank,DRank,NoRank,NoRank,0x88af220,0x880ba10,0x880be61,0x880c271,0x880c479,0x880c4ba,0x880c4fb,0x0
Mage,0,0x31d,211,0x27,0x1e,0x0,0x7c,0x12,16,1,2,3,3,3,6,5,60,20,20,20,20,20,20,3,55,55,40,35,5,30,20,1,0,1,2,1,2,0x0,0x0,0x0,0x0,NoRank,NoRank,NoRank,NoRank,NoRank,DRank,NoRank,NoRank,0x88af220,0x880ba10,0x880be61,0x880c271,0x880c479,0x880c4ba,0x880c4fb,0x0
Mage,0,0x31d,212,0x27,0x1e,0x0,0x7c,0x12,16,1,2,3,3,3,6,5,60,20,20,20,20,20,20,3,55,55,40,35,5,30,20,1,0,1,2,1,2,0x0,0x0,0x0,0x0,NoRank,NoRank,NoRank,NoRank,NoRank,DRank,NoRank,NoRank,0x88af220,0x880ba10,0x880be61,0x880c271,0x880c479,0x880c4ba,0x880c4fb,0x0
Mage,0,0x31d,213,0x27,0x1e,0x0,0x7c,0x12,16,1,2,3,3,3,6,5,60,20,20,20,20,20,20,3,55,55,40,35,5,30,20,1,0,1,2,1,2,0x0,0x0,0x0,0x0,NoRank,NoRank,NoRank,NoRank,NoRank,DRank,NoRank,NoRank,0x88af220,0x880ba10,0x880be61,0x880c271,0x880c479,0x880c4ba,0x880c4fb,0x0
Mage,0,0x31d,214,0x27,0x1e,0x0,0x7c,0x12,16,1,2,3,3,3,6,5,60,20,20,20,20,20,20,3,55,55,40,35,5,30,20,1,0,1,2,1,2,0x0,0x0,0x0,0x0,NoRank,NoRank,NoRank,NoRank,NoRank,DRank,NoRank,NoRank,0x88af220,0x880ba10,0x880be61,0x880c271,0x880c479,0x880c4ba,0x880c4fb,0x0
Mage,0,0x31d,215,0x27,0x1e,0x0,0x7c,0x12,16,1,2,3,3,3,6,5,60,20,20,20,20,20,20,3,55,55,40,35,5,30,20,1,0,1,2,1,2,0x0,0x0,0x0,0x0,NoRank,NoRank,NoRank,NoRank,NoRank,DRank,NoRank,NoRank,0x88af220,0x880ba10,0x880be61,0x880c271,0x880c479,0x880c4ba,0x880c4fb,0x0
Mage,0,0x31d,216,0x27,0x1e,0x0,0x7c,0x12,16,1,2,3,3,3,6,5,60,20,20,20,20,20,20,3,55,55,40,35,5,30,20,1,0,1,2,1,2,0x0,0x0,0x0,0x0,NoRank,NoRank,NoRank,NoRank,NoRank,DRank,NoRank,NoRank,0x88af220,0x880ba10,0x880be61,0x880c271,0x880c479,0x880c4ba,0x880c4fb,0x0
Mage,0,0x31d,217,0x27,0x1e,0x0,0x7c,0x12,16,1,2,3,3,3,6,5,60,20,20,20,20,20,20,3,55,55,40,35,5,30,20,1,0,1,2,1,2,0x0,0x0,0x0,0x0,NoRank,NoRank,NoRank,NoRank,NoRank,DRank,NoRank,NoRank,0x88af220,0x880ba10,0x880be61,0x880c271,0x880c479,0x880c4ba,0x880c4fb,0x0
Mage,0,0x31d,218,0x27,0x1e,0x0,0x7c,0x12,16,1,2,3,3,3,6,5,60,20,20,20,20,20,20,3,55,55,40,35,5,30,20,1,0,1,2,1,2,0x0,0x0,0x0,0x0,NoRank,NoRank,NoRank,NoRank,NoRank,DRank,NoRank,NoRank,0x88af220,0x880ba10,0x880be61,0x880c271,0x880c479,0x880c4ba,0x880c4fb,0x0
Mage,0,0x31d,219,0x27,0x1e,0x0,0x7c,0x12,16,1,2,3,3,3,6,5,60,20,20,20,20,20,20,3,55,55,40,35,5,30,20,1,0,1,2,1,2,0x0,0x0,0x0,0x0,NoRank,NoRank,NoRank,NoRank,NoRank,DRank,NoRank,NoRank,0x88af220,0x880ba10,0x880be61,0x880c271,0x880c479,0x880c4ba,0x880c4fb,0x0
Mage,0,0x31d,220,0x27,0x1e,0x0,0x7c,0x12,16,1,2,3,3,3,6,5,60,20,20,20,20,20,20,3,55,55,40,35,5,30,20,1,0,1,2,1,2,0x0,0x0,0x0,0x0,NoRank,NoRank,NoRank,NoRank,NoRank,DRank,NoRank,NoRank,0x88af220,0x880ba10,0x880be61,0x880c271,0x880c479,0x880c4ba,0x880c4fb,0x0
Mage,0,0x31d,221,0x27,0x1e,0x0,0x7c,0x12,16,1,2,3,3,3,6,5,60,20,20,20,20,20,20,3,55,55,40,35,5,30,20,1,0,1,2,1,2,0x0,0x0,0x0,0x0,NoRank,NoRank,NoRank,NoRank,NoRank,DRank,NoRank,NoRank,0x88af220,0x880ba10,0x880be61,0x880c271,0x880c479,0x880c4ba,0x880c4fb,0x0
Mage,0,0x31d,222,0x27,0x1e,0x0,0x7c,0x12,16,1,2,3,3,3,6,5,60,20,20,20,20,20,20,3,55,55,40,35,5,30,20,1,0,1,2,1,2,0x0,0x0,0x0,0x0,NoRank,NoRank,NoRank,NoRank,NoRank,DRank,NoRank,NoRank,0x88af220,0x880ba10,0x880be61,0x880c271,0x880c479,0x880c4ba,0x880c4fb,0x0
Mage,0,0x31d,223,0x27,0x1e,0x0,0x7c,0x12,16,1,2,3,3,3,6,5,60,20,20,20,20,20,20,3,55,55,40,35,5,30,20,1,0,1,2,1,2,0x0,0x0,0x0,0x0,NoRank,NoRank,NoRank,NoRank,NoRank,DRank,NoRank,NoRank,0x88af220,0x880ba10,0x880be61,0x880c271,0x880c479,0x880c4ba,0x880c4fb,0x0
Mage,0,0x31d,224,0x27,0x1e,0x0,0x7c,0x12,16,1,2,3,3,3,6,5,60,20,20,20,20,20,20,3,55,55,40,35,5,30,20,1,0,1,2,1,2,0x0,0x0,0x0,0x0,NoRank,NoRank,NoRank,NoRank,NoRank,DRank,NoRank,NoRank,0x88af220,0x880ba10,0x880be61,0x880c271,0x880c479,0x880c4ba,0x880c4fb,0x0
Mage,0,0x31d,225,0x27,0x1e,0x0,0x7c,0x12,16,1,2,3,3,3,6,5,60,20,20,20,20,20,20,3,55,55,40,35,5,30,20,1,0,1,2,1,2,0x0,0x0,0x0,0x0,NoRank,NoRank,NoRank,NoRank,NoRank,DRank,NoRank,NoRank,0x88af220,0x880ba10,0x880be61,0x880c271,0x880c479,0x880c4ba,0x880c4fb,0x0
Mage,0,0x31d,226,0x27,0x1e,0x0,0x7c,0x12,16,1,2,3,3,3,6,5,60,20,20,20,20,20,20,3,55,55,40,35,5,30,20,1,0,1,2,1,2,0x0,0x0,0x0,0x0,NoRank,NoRank,NoRank,NoRank,NoRank,DRank,NoRank,NoRank,0x88af220,0x880ba10,0x880be61,0x880c271,0x880c479,0x880c4ba,0x880c4fb,0x0
Mage,0,0x31d,227,0x27,0x1e,0x0,0x7c,0x12,16,1,2,3,3,3,6,5,60,20,20,20,20,20,20,3,55,55,40,35,5,30,20,1,0,1,2,1,2,0x0,0x0,0x0,0x0,NoRank,NoRank,NoRank,NoRank,NoRank,DRank,NoRank,NoRank,0x88af220,0x880ba10,0x880be61,0x880c271,0x880c479,0x880c4ba,0x880c4fb,0x0
Mage,0,0x31d,228,0x27,0x1e,0x0,0x7c,0x12,16,1,2,3,3,3,6,5,60,20,20,20,20,20,20,3,55,55,40,35,5,30,20,1,0,1,2,1,2,0x0,0x0,0x0,0x0,NoRank,NoRank,NoRank,NoRank,NoRank,DRank,NoRank,NoRank,0x88af220,0x880ba10,0x880be61,0x880c271,0x880c479,0x880c4ba,0x880c4fb,0x0
Mage,0,0x31d,229,0x27,0x1e,0x0,0x7c,0x12,16,1,2,3,3,3,6,5,60,20,20,20,20,20,20,3,55,55,40,35,5,30,20,1,0,1,2,1,2,0x0,0x0,0x0,0x0,NoRank,NoRank,NoRank,NoRank,NoRank,DRank,NoRank,NoRank,0x88af220,0x880ba10,0x880be61,0x880c271,0x880c479,0x880c4ba,0x880c4fb,0x0
Mage,0,0x31d,230,0x27,0x1e,0x0,0x7c,0x12,16,1,2,3,3,3,6,5,60,20,20,20,20,20,20,3,55,55,40,35,5,30,20,1,0,1,2,1,2,0x0,0x0,0x0,0x0,NoRank,NoRank,NoRank,NoRank,NoRank,DRank,NoRank,NoRank,0x88af220,0x880ba10,0x880be61,0x880c271,0x880c479,0x880c4ba,0x880c4fb,0x0
Mage,0,0x31d,231,0x27,0x1e,0x0,0x7c,0x12,16,1,2,3,3,3,6,5,60,20,20,20,20,20,20,3,55,55,40,35,5,30,20,1,0,1,2,1,2,0x0,0x0,0x0,0x0,NoRank,NoRank,NoRank,NoRank,NoRank,DRank,NoRank,NoRank,0x88af220,0x880ba10,0x880be61,0x880c271,0x880c479,0x880c4ba,0x880c4fb,0x0
Mage,0,0x31d,232,0x27,0x1e,0x0,0x7c,0x12,16,1,2,3,3,3,6,5,60,20,20,20,20,20,20,3,55,55,40,35,5,30,20,1,0,1,2,1,2,0x0,0x0,0x0,0x0,NoRank,NoRank,NoRank,NoRank,NoRank,DRank,NoRank,NoRank,0x88af220,0x880ba10,0x880be61,0x880c271,0x880c479,0x880c4ba,0x880c4fb,0x0
Mage,0,0x31d,233,0x27,0x1e,0x0,0x7c,0x12,16,1,2,3,3,3,6,5,60,20,20,20,20,20,20,3,55,55,40,35,5,30,20,1,0,1,2,1,2,0x0,0x0,0x0,0x0,NoRank,NoRank,NoRank,NoRank,NoRank,DRank,NoRank,NoRank,0x88af220,0x880ba10,0x880be61,0x880c271,0x880c479,0x880c4ba,0x880c4fb,0x0
Mage,0,0x31d,234,0x27,0x1e,0x0,0x7c,0x12,16,1,2,3,3,3,6,5,60,20,20,20,20,20,20,3,55,55,40,35,5,30,20,1,0,1,2,1,2,0x0,0x0,0x0,0x0,NoRank,NoRank,NoRank,NoRank,NoRank,DRank,NoRank,NoRank,0x88af220,0x880ba10,0x880be61,0x880c271,0x880c479,0x880c4ba,0x880c4fb,0x0
Mage,0,0x31d,235,0x27,0x1e,0x0,0x7c,0x12,16,1,2,3,3,3,6,5,60,20,20,20,20,20,20,3,55,55,40,35,5,30,20,1,0,1,2,1,2,0x0,0x0,0x0,0x0,NoRank,NoRank,NoRank,NoRank,NoRank,DRank,NoRank,NoRank,0x88af220,0x880ba10,0x880be61,0x880c271,0x880c479,0x880c4ba,0x880c4fb,0x0
Mage,0,0x31d,236,0x27,0x1e,0x0,0x7c,0x12,16,1,2,3,3,3,6,5,60,20,20,20,20,20,20,3,55,55,40,35,5,30,20,1,0,1,2,1,2,0x0,0x0,0x0,0x0,NoRank,NoRank,NoRank,NoRank,NoRank,DRank,NoRank,NoRank,0x88af220,0x880ba10,0x880be61,0x880c271,0x880c479,0x880c4ba,0x880c4fb,0x0
Mage,0,0x31d,237,0x27,0x1e,0x0,0x7c,0x12,16,1,2,3,3,3,6,5,60,20,20,20,20,20,20,3,55,55,40,35,5,30,20,1,0,1,2,1,2,0x0,0x0,0x0,0x0,NoRank,NoRank,NoRank,NoRank,NoRank,DRank,NoRank,NoRank,0x88af220,0x880ba10,0x880be61,0x880c271,0x880c479,0x880c4ba,0x880c4fb,0x0
Mage,0,0x31d,238,0x27,0x1e,0x0,0x7c,0x12,16,1,2,3,3,3,6,5,60,20,20,20,20,20,20,3,55,55,40,35,5,30,20,1,0,1,2,1,2,0x0,0x0,0x0,0x0,NoRank,NoRank,NoRank,NoRank,NoRank,DRank,NoRank,NoRank,0x88af220,0x880ba10,0x880be61,0x880c271,0x880c479,0x880c4ba,0x880c4fb,0x0
Mage,0,0x31d,239,0x27,0x1e,0x0,0x7c,0x12,16,1,2,3,3,3,6,5,60,20,20,20,20,20,20,3,55,55,40,35,5,30,20,1,0,1,2,1,2,0x0,0x0,0x0,0x0,NoRank,NoRank,NoRank,NoRank,NoRank,DRank,NoRank,NoRank,0x88af220,0x880ba10,0x880be61,0x880c271,0x880c479,0x880c4ba,0x880c4fb,0x0
Mage,0,0x31d,240,0x27,0x1e,0x0,0x7c,0x12,16,1,2,3,3,3,6,5,60,20,20,20,20,20,20,3,55,55,40,35,5,30,20,1,0,1,2,1,2,0x0,0x0,0x0,0x0,NoRank,NoRank,NoRank,NoRank,NoRank,DRank,NoRank,NoRank,0x88af220,0x880ba10,0x880be61,0x880c271,0x880c479,0x880c4ba,0x880c4fb,0x0
Mage,0,0x31d,241,0x27,0x1e,0x0,0x7c,0x12,16,1,2,3,3,3,6,5,60,20,20,20,20,20,20,3,55,55,40,35,5,30,20,1,0,1,2,1,2,0x0,0x0,0x0,0x0,NoRank,NoRank,NoRank,NoRank,NoRank,DRank,NoRank,NoRank,0x88af220,0x880ba10,0x880be61,0x880c271,0x880c479,0x880c4ba,0x880c4fb,0x0
Mage,0,0x31d,242,0x27,0x1e,0x0,0x7c,0x12,16,1,2,3,3,3,6,5,60,20,20,20,20,20,20,3,55,55,40,35,5,30,20,1,0,1,2,1,2,0x0,0x0,0x0,0x0,NoRank,NoRank,NoRank,NoRank,NoRank,DRank,NoRank,NoRank,0x88af220,0x880ba10,0x880be61,0x880c271,0x880c479,0x880c4ba,0x880c4fb,0x0
Mage,0,0x31d,243,0x27,0x1e,0x0,0x7c,0x12,16,1,2,3,3,3,6,5,60,20,20,20,20,20,20,3,55,55,40,35,5,30,20,1,0,1,2,1,2,0x0,0x0,0x0,0x0,NoRank,NoRank,NoRank,NoRank,NoRank,DRank,NoRank,NoRank,0x88af220,0x880ba10,0x880be61,0x880c271,0x880c479,0x880c4ba,0x880c4fb,0x0
Mage,0,0x31d,244,0x27,0x1e,0x0,0x7c,0x12,16,1,2,3,3,3,6,5,60,20,20,20,20,20,20,3,55,55,40,35,5,30,20,1,0,1,2,1,2,0x0,0x0,0x0,0x0,NoRank,NoRank,NoRank,NoRank,NoRank,DRank,NoRank,NoRank,0x88af220,0x880ba10,0x880be61,0x880c271,0x880c479,0x880c4ba,0x880c4fb,0x0
Mage,0,0x31d,245,0x27,0x1e,0x0,0x7c,0x12,16,1,2,3,3,3,6,5,60,20,20,20,20,20,20,3,55,55,40,35,5,30,20,1,0,1,2,1,2,0x0,0x0,0x0,0x0,NoRank,NoRank,NoRank,NoRank,NoRank,DRank,NoRank,NoRank,0x88af220,0x880ba10,0x880be61,0x880c271,0x880c479,0x880c4ba,0x880c4fb,0x0
Mage,0,0x31d,246,0x27,0x1e,0x0,0x7c,0x12,16,1,2,3,3,3,6,5,60,20,20,20,20,20,20,3,55,55,40,35,5,30,20,1,0,1,2,1,2,0x0,0x0,0x0,0x0,NoRank,NoRank,NoRank,NoRank,NoRank,DRank,NoRank,NoRank,0x88af220,0x880ba10,0x880be61,0x880c271,0x880c479,0x880c4ba,0x880c4fb,0x0
Mage,0,0x31d,247,0x27,0x1e,0x0,0x7c,0x12,16,1,2,3,3,3,6,5,60,20,20,20,20,20,20,3,55,55,40,35,5,30,20,1,0,1,2,1,2,0x0,0x0,0x0,0x0,NoRank,NoRank,NoRank,NoRank,NoRank,DRank,NoRank,NoRank,0x88af220,0x880ba10,0x880be61,0x880c271,0x880c479,0x880c4ba,0x880c4fb,0x0
Mage,0,0x31d,248,0x27,0x1e,0x0,0x7c,0x12,16,1,2,3,3,3,6,5,60,20,20,20,20,20,20,3,55,55,40,35,5,30,20,1,0,1,2,1,2,0x0,0x0,0x0,0x0,NoRank,NoRank,NoRank,NoRank,NoRank,DRank,NoRank,NoRank,0x88af220,0x880ba10,0x880be61,0x880c271,0x880c479,0x880c4ba,0x880c4fb,0x0
Mage,0,0x31d,249,0x27,0x1e,0x0,0x7c,0x12,16,1,2,3,3,3,6,5,60,20,20,20,20,20,20,3,55,55,40,35,5,30,20,1,0,1,2,1,2,0x0,0x0,0x0,0x0,NoRank,NoRank,NoRank,NoRank,NoRank,DRank,NoRank,NoRank,0x88af220,0x880ba10,0x880be61,0x880c271,0x880c479,0x880c4ba,0x880c4fb,0x0
Mage,0,0x31d,250,0x27,0x1e,0x0,0x7c,0x12,16,1,2,3,3,3,6,5,60,20,20,20,20,20,20,3,55,55,40,35,5,30,20,1,0,1,2,1,2,0x0,0x0,0x0,0x0,NoRank,NoRank,NoRank,NoRank,NoRank,DRank,NoRank,NoRank,0x88af220,0x880ba10,0x880be61,0x880c271,0x880c479,0x880c4ba,0x880c4fb,0x0
Mage,0,0x31d,251,0x27,0x1e,0x0,0x7c,0x12,16,1,2,3,3,3,6,5,60,20,20,20,20,20,20,3,55,55,40,35,5,30,20,1,0,1,2,1,2,0x0,0x0,0x0,0x0,NoRank,NoRank,NoRank,NoRank,NoRank,DRank,NoRank,NoRank,0x88af220,0x880ba10,0x880be61,0x880c271,0x880c479,0x880c4ba,0x880c4fb,0x0
Mage,0,0x31d,252,0x27,0x1e,0x0,0x7c,0x12,16,1,2,3,3,3,6,5,60,20,20,20,20,20,20,3,55,55,40,35,5,30,20,1,0,1,2,1,2,0x0,0x0,0x0,0x0,NoRank,NoRank,NoRank,NoRank,NoRank,DRank,NoRank,NoRank,0x88af220,0x880ba10,0x880be61,0x880c271,0x880c479,0x880c4ba,0x880c4fb,0x0
Mage,0,0x31d,253,0x27,0x1e,0x0,0x7c,0x12,16,1,2,3,3,3,6,5,60,20,20,20,20,20,20,3,55,55,40,35,5,30,20,1,0,1,2,1,2,0x0,0x0,0x0,0x0,NoRank,NoRank,NoRank,NoRank,NoRank,DRank,NoRank,NoRank,0x88af220,0x880ba10,0x880be61,0x880c271,0x880c479,0x880c4ba,0x880c4fb,0x0
Mage,0,0x31d,254,0x27,0x1e,0x0,0x7c,0x12,16,1,2,3,3,3,6,5,60,20,20,20,20,20,20,3,55,55,40,35,5,30,20,1,0,1,2,1,2,0x0,0x0,0x0,0x0,NoRank,NoRank,NoRank,NoRank,NoRank,DRank,NoRank,NoRank,0x88af220,0x880ba10,0x880be61,0x880c271,0x880c479,0x880c4ba,0x880c4fb,0x0
Mage,0,0x31d,255,0x27,0x1e,0x0,0x7c,0x12,16,1,2,3,3,3,6,5,60,20,20,20,20,20,20,3,55,55,40,35,5,30,20,1,0,1,2,1,2,0x0,0x0,0x0,0x0,NoRank,NoRank,NoRank,NoRank,NoRank,DRank,NoRank,NoRank,0x88af220,0x880ba10,0x880be61,0x880c271,0x880c479,0x880c4ba,0x880c4fb,0x0
